NUMBER,SERIAL,NAME,TYPE1,TYPE2,COLOR,ABILITY1,ABILITY2,ABILITY HIDDEN,GENERATION,LEGENDARY,MEGA_EVOLUTION,HEIGHT,WEIGHT,HP,ATK,DEF,SP_ATK,SP_DEF,SPD,TOTAL
669,6691,Flabebe,Fairy,Fairy,White,Flower Veil,Flower Veil,Symbiosis,6,0,0,0.1,0.1,44,38,39,61,79,42,303
528,5281,Swoobat,Psychic,Flying,Blue,Unaware,Klutz,Simple,5,0,0,0.9,10.5,67,57,55,77,55,114,425
402,4021,Kricketune,Bug,Bug,Red,Swarm,Swarm,Technician,4,0,0,1.0,25.5,77,85,51,55,51,65,384
584,5841,Vanilluxe,Ice,Ice,White,Ice Body,Snow Warning,Weak Armor,5,0,0,1.3,57.5,71,95,85,110,95,79,535
81,811,Magnemite,Electric,Steel,Grey,Magnet Pull,Sturdy,Analytic,1,0,0,0.3,6.0,25,35,70,95,55,45,325
479,4791,Rotom,Electric,Ghost,Red,Levitate,Levitate,Levitate,4,0,0,0.3,0.3,50,50,77,95,77,91,440
733,7331,Toucannon,Normal,Flying,Black,Keen Eye,Skill Link,Sheer Force,7,0,0,1.1,26.0,80,120,75,75,75,60,485
252,2521,Treecko,Grass,Grass,Green,Overgrow,Overgrow,Unburden,3,0,0,0.5,5.0,40,45,35,65,55,70,310
709,7091,Trevenant,Ghost,Grass,Brown,Natural Cure,Frisk,Harvest,6,0,0,1.5,71.0,85,110,76,65,82,56,474
610,6101,Axew,Dragon,Dragon,Green,Rivalry,Mold Breaker,Unnerve,5,0,0,0.6,18.0,46,87,60,30,40,57,320
710,7103,Pumpkaboo,Ghost,Grass,Brown,Pickup,Frisk,Insomnia,6,0,0,0.5,7.5,54,66,70,44,55,46,335
392,3921,Infernape,Fire,Fighting,Brown,Blaze,Blaze,Iron Fist,4,0,0,1.2,55.0,76,104,71,104,71,108,534
600,6001,Klang,Steel,Steel,Grey,Plus,Minus,Clear Body,5,0,0,0.6,51.0,60,80,95,70,85,50,440
491,4911,Darkrai,Dark,Dark,Black,Bad Dreams,Bad Dreams,Bad Dreams,4,1,0,1.5,50.5,70,90,90,135,90,125,600
544,5441,Whirlipede,Bug,Poison,Grey,Poison Point,Swarm,Speed Boost,5,0,0,1.2,58.5,40,55,99,40,79,47,360
243,2431,Raikou,Electric,Electric,Yellow,Pressure,Pressure,Inner Focus,2,1,0,1.9,178.0,90,85,75,115,100,115,580
615,6151,Cryogonal,Ice,Ice,Blue,Levitate,Levitate,Levitate,5,0,0,1.1,148.0,80,50,50,95,135,105,515
616,6161,Shelmet,Bug,Bug,Red,Hydration,Shell Armor,Overcoat,5,0,0,0.4,7.7,50,40,85,40,65,25,305
735,7351,Gumshoos,Normal,Normal,Brown,Stakeout,Strong Jaw,Adaptability,7,0,0,0.7,14.2,88,110,60,55,60,45,418
139,1391,Omastar,Rock,Water,Blue,Swift Swim,Shell Armor,Weak Armor,1,0,0,1.0,35.0,70,60,125,115,70,55,495
307,3071,Meditite,Fighting,Psychic,Blue,Pure Power,Pure Power,Telepathy,3,0,0,0.6,11.2,30,40,55,40,55,60,280
837,8371,Rolycoly,Rock,Rock,Black,Steam Engine,Heatproof,Flash Fire,8,0,0,0.3,12.0,30,40,50,40,50,30,240
585,5852,Deerling,Normal,Grass,Green,Chlorophyll,Sap Sipper,Serene Grace,5,0,0,0.6,19.5,60,60,50,40,50,75,335
196,1961,Espeon,Psychic,Psychic,Purple,Synchronize,Synchronize,Magic Bounce,2,0,0,0.9,26.5,65,65,60,130,95,110,525
622,6221,Golett,Ground,Ghost,Green,Iron Fist,Klutz,No Guard,5,0,0,1.0,92.0,59,74,50,35,50,35,303
412,4123,Burmy,Bug,Bug,Red,Shed Skin,Shed Skin,Overcoat,4,0,0,0.2,3.4,40,29,45,29,45,36,224
438,4381,Bonsly,Rock,Rock,Brown,Sturdy,Rock Head,Rattled,4,0,0,0.5,15.0,50,80,95,10,45,10,290
847,8471,Barraskewda,Water,Water,Brown,Swift Swim,Swift Swim,Propeller Tail,8,0,0,1.3,30.0,61,123,60,60,50,136,490
817,8171,Drizzile,Water,Water,Blue,Torrent,Torrent,Sniper,8,0,0,0.7,11.5,65,60,60,95,55,90,425
792,7921,Lunala,Psychic,Ghost,Purple,Shadow Shield,Shadow Shield,Shadow Shield,7,1,0,4.0,120.0,137,113,89,137,107,97,680
742,7421,Cutiefly,Bug,Fairy,Yellow,Honey Gather,Shield Dust,Sweet Veil,7,0,0,0.1,0.2,40,45,40,55,40,84,304
561,5611,Sigilyph,Psychic,Flying,Black,Wonder Skin,Magic Guard,Tinted Lens,5,0,0,1.4,14.0,72,58,80,103,80,97,490
199,1991,Slowking,Water,Psychic,Pink,Oblivious,Super Luck,Regenerator,2,0,0,2.0,79.5,95,75,80,100,110,30,490
507,5071,Herdier,Normal,Normal,Grey,Intimidate,Sand Rush,Scrappy,5,0,0,0.9,14.7,65,80,65,35,65,60,370
816,8161,Sobble,Water,Water,Blue,Torrent,Torrent,Sniper,8,0,0,0.3,4.0,50,40,40,70,40,70,310
410,4101,Shieldon,Rock,Steel,Grey,Sturdy,Sturdy,Soundproof,4,0,0,0.5,57.0,30,42,118,42,88,30,350
800,8004,Necrozma,Psychic,Dragon,Yellow,Neuroforce,Neuroforce,Neuroforce,7,1,0,7.5,230.0,97,167,97,167,97,129,754
141,1411,Kabutops,Rock,Water,Brown,Swift Swim,Battle Armor,Weak Armor,1,0,0,1.3,40.5,60,115,105,65,70,80,495
94,941,Gengar,Ghost,Poison,Purple,Cursed Body,Cursed Body,Cursed Body,1,0,0,1.5,40.5,60,65,60,130,75,110,500
202,2021,Wobbuffet,Psychic,Psychic,Blue,Shadow Tag,Shadow Tag,Telepathy,2,0,0,1.3,28.5,190,33,58,33,58,33,405
282,2822,Mega Gardevoir,Psychic,Fairy,White,Pixilate,Pixilate,Pixilate,3,0,1,1.6,48.4,68,85,65,165,135,100,618
518,5181,Musharna,Psychic,Psychic,Pink,Forewarn,Synchronize,Telepathy,5,0,0,1.1,60.5,116,55,85,107,95,29,487
162,1621,Furret,Normal,Normal,Brown,Run Away,Keen Eye,Frisk,2,0,0,1.8,32.5,85,76,64,45,55,90,415
253,2531,Grovyle,Grass,Grass,Green,Overgrow,Overgrow,Unburden,3,0,0,0.9,21.6,50,65,45,85,65,95,405
585,5854,Deerling,Normal,Grass,Brown,Chlorophyll,Sap Sipper,Serene Grace,5,0,0,0.6,19.5,60,60,50,40,50,75,335
189,1891,Jumpluff,Grass,Flying,Blue,Chlorophyll,Leaf Guard,Infiltrator,2,0,0,0.6,3.0,75,55,70,55,95,110,460
257,2572,Mega Blaziken,Fire,Fighting,Red,Speed Boost,Speed Boost,Speed Boost,3,0,1,1.9,52.0,80,160,80,130,80,100,630
130,1301,Gyarados,Water,Flying,Blue,Intimidate,Intimidate,Moxie,1,0,0,6.5,235.0,95,125,79,60,100,81,540
568,5681,Trubbish,Poison,Poison,Green,Stench,Sticky Hold,Aftermath,5,0,0,0.6,31.0,50,50,62,40,62,65,329
623,6231,Golurk,Ground,Ghost,Green,Iron Fist,Klutz,No Guard,5,0,0,2.8,330.0,89,124,80,55,80,55,483
219,2191,Magcargo,Fire,Rock,Red,Magma Armor,Flame Body,Weak Armor,2,0,0,0.8,55.0,60,50,120,90,80,30,430
632,6321,Durant,Bug,Steel,Grey,Swarm,Hustle,Truant,5,0,0,0.3,33.0,58,109,112,48,48,109,484
555,5553,Darmanitan,Ice,Ice,White,Gorilla Tactics,Gorilla Tactics,Zen Mode,8,0,0,1.7,120.0,105,140,55,30,55,95,480
310,3101,Manectric,Electric,Electric,Yellow,Static,Lightning Rod,Minus,3,0,0,1.5,40.2,70,75,60,105,60,105,475
191,1911,Sunkern,Grass,Grass,Yellow,Chlorophyll,Solar Power,Early Bird,2,0,0,0.3,1.8,30,30,30,30,30,30,180
116,1161,Horsea,Water,Water,Blue,Swift Swim,Sniper,Damp,1,0,0,0.4,8.0,30,40,70,70,25,60,295
26,261,Raichu,Electric,Electric,Yellow,Static,Static,Lightning Rod,1,0,0,0.8,30.0,60,90,55,90,80,110,485
707,7071,Klefki,Steel,Fairy,Grey,Prankster,Prankster,Magician,6,0,0,0.2,3.0,57,80,91,80,87,75,470
102,1021,Exeggcute,Grass,Psychic,Pink,Chlorophyll,Chlorophyll,Harvest,1,0,0,0.4,2.5,60,40,80,60,45,40,325
290,2901,Nincada,Bug,Ground,Grey,Compound Eyes,Compound Eyes,Run Away,3,0,0,0.5,5.5,31,45,90,30,30,40,266
7,71,Squirtle,Water,Water,Blue,Torrent,Torrent,Rain Dish,1,0,0,0.5,9.0,44,48,65,50,64,43,314
212,2121,Scizor,Bug,Steel,Red,Swarm,Technician,Light Metal,2,0,0,1.8,118.0,70,130,100,55,80,65,500
790,7901,Cosmoem,Psychic,Psychic,Blue,Sturdy,Sturdy,Sturdy,7,1,0,0.1,999.9,43,29,131,29,131,37,400
379,3791,Registeel,Steel,Steel,Grey,Clear Body,Clear Body,Light Metal,3,1,0,1.9,205.0,80,75,150,75,150,50,580
533,5331,Gurdurr,Fighting,Fighting,Grey,Guts,Sheer Force,Iron Fist,5,0,0,1.2,40.0,85,105,85,40,50,40,405
65,651,Alakazam,Psychic,Psychic,Brown,Synchronize,Inner Focus,Magic guard,1,0,0,1.5,48.0,55,50,45,135,95,120,500
51,511,Dugtrio,Ground,Ground,Brown,Sand Veil,Arena Trap,Sand Force,1,0,0,0.7,33.3,35,100,50,50,70,120,425
822,8221,Convisquire,Flying,Flying,Blue,Keen Eye,Unnerve,Big Pecks,8,0,0,0.8,16.0,68,67,55,43,55,77,365
470,4701,Leafeon,Grass,Grass,Green,Leaf Guard,Leaf Guard,Chlorophyll,4,0,0,1.0,25.5,65,110,130,60,65,95,525
370,3701,Luvdisc,Water,Water,Pink,Swift Swim,Swift Swim,Hydration,3,0,0,0.6,8.7,43,30,55,40,65,97,330
891,8911,Kubfu,Fighting,Fighting,Grey,Inner Focus,Inner Focus,Inner Focus,8,1,0,0.6,12.0,60,90,60,53,50,72,385
504,5041,Patrat,Normal,Normal,Brown,Run Away,Keen Eye,Analytic,5,0,0,0.5,11.6,45,55,39,35,39,42,255
310,3102,Mega Manectric,Electric,Electric,Yellow,Intimidate,Intimidate,Intimidate,3,0,1,1.8,44.0,70,75,80,135,80,135,575
90,901,Shellder,Water,Water,Purple,Shell Armor,Skill Link,Overcoat,1,0,0,0.3,4.0,30,65,100,45,25,40,305
720,7201,Hoopa,Psychic,Ghost,Purple,Magician,Magician,Magician,6,1,0,0.5,9.0,80,110,60,150,130,70,600
473,4731,Mamoswine,Ice,Ground,Brown,Oblivious,Snow Cloak,Thick Fat,4,0,0,2.5,291.0,110,130,80,70,60,80,530
708,7081,Phantump,Ghost,Grass,Brown,Natural Cure,Frisk,Harvest,6,0,0,0.4,7.0,43,70,48,50,60,38,309
557,5571,Dwebble,Bug,Rock,Red,Sturdy,Shell Armor,Weak Armor,5,0,0,0.3,14.5,50,65,85,35,35,55,325
83,832,Farfetch'd,Fighting,Fighting,Brown,Steadfast,Steadfast,Scrappy,8,0,0,0.8,42.0,52,95,55,58,62,55,377
612,6121,Haxorus,Dragon,Dragon,Yellow,Rivalry,Mold Breaker,Unnerve,5,0,0,1.8,105.5,76,147,90,60,70,97,540
560,5601,Scrafty,Dark,Fighting,Red,Shed Skin,Moxie,Intimidate,5,0,0,1.1,30.0,65,90,115,45,115,58,488
319,3192,Mega Sharpedo,Water,Dark,Blue,Strong Jaw,Strong Jaw,Strong Jaw,3,0,1,2.5,130.3,70,140,70,110,65,105,560
525,5251,Boldore,Rock,Rock,Blue,Sturdy,Weak Armor,Sand Force,5,0,0,0.9,102.0,70,105,105,50,40,20,390
448,4481,Lucario,Fighting,Steel,Blue,Steadfast,Inner Focus,Justified,4,0,0,1.2,54.0,70,110,70,115,70,90,525
92,921,Gastly,Ghost,Poison,Purple,Levitate,Levitate,Levitate,1,0,0,1.3,0.1,30,35,30,100,35,80,310
554,5542,Darumaka,Ice,Ice,White,Hustle,Hustle,Inner Focus,8,0,0,0.7,40.0,70,90,45,15,45,50,315
477,4771,Dusknoir,Ghost,Ghost,Black,Pressure,Pressure,Frisk,4,0,0,2.2,106.6,45,100,135,65,135,45,525
446,4461,Munchlax,Normal,Normal,Black,Pickup,Thick Fat,Gluttony,4,0,0,0.6,105.0,135,85,40,40,85,5,390
882,8821,Dracovish,Water,Dragon,Green,Water Absorb,Strong Jaw,Sand Rush,8,0,0,2.3,215.0,90,90,100,70,80,75,505
458,4581,Mantyke,Water,Flying,Blue,Swift Swim,Water Absorb,Water Veil,4,0,0,1.0,65.0,45,20,50,60,120,50,345
618,6181,Stunfisk,Electric,Ground,Brown,Stanfisk,Limber,Sand Veil,5,0,0,0.7,11.0,109,66,84,81,99,32,471
316,3161,Gulpin,Poison,Poison,Green,Liquid Ooze,Sticky Hold,Gluttony,3,0,0,0.4,10.3,70,43,53,43,53,40,302
280,2801,Ralts,Psychic,Fairy,White,Synchronize,Trace,Telepathy,3,0,0,0.4,6.6,28,25,25,45,35,40,198
788,7881,Tapu Fini,Water,Fairy,Purple,Misty Surge,Misty Surge,Telepathy,7,1,0,1.3,21.2,70,75,115,95,130,85,570
758,7581,Salazzle,Poison,Fire,Black,Corrosion,Corrosion,Oblivious,7,0,0,1.2,22.2,68,64,60,111,60,117,480
30,301,Nidorina,Poison,Poison,Blue,Poison Point,Rivalry,Hustle,1,0,0,0.8,20.0,70,62,67,55,55,56,365
671,6711,Florges,Fairy,Fairy,White,Flower Veil,Flower Veil,Symbiosis,6,0,0,1.1,10.0,78,65,68,112,154,75,552
786,7861,Tapu Lele,Psychic,Fairy,Pink,Psychic Surge,Psychic Surge,Telepathy,7,1,0,1.2,28.6,70,85,75,130,115,95,570
650,6501,Chespin,Grass,Grass,Green,Overgrow,Overgrow,Bulletproof,6,0,0,0.4,9.0,56,61,65,48,45,38,313
177,1771,Natu,Psychic,Flying,Green,Synchronize,Early Bird,Magic Bounce,2,0,0,0.2,2.0,40,50,45,70,45,70,320
258,2581,Mudkip,Water,Water,Blue,Torrent,Torrent,Damp,3,0,0,0.4,7.6,50,70,50,50,50,40,310
479,4792,Rotom,Electric,Fire,Red,Levitate,Levitate,Levitate,4,0,0,0.3,0.3,50,65,107,105,107,86,520
329,3291,Vibrava,Ground,Dragon,Green,Levitate,Levitate,Levitate,3,0,0,1.1,15.3,50,70,50,50,50,70,340
757,7571,Salandit,Poison,Fire,Black,Corrosion,Corrosion,Oblivious,7,0,0,0.6,4.8,48,44,40,71,40,77,320
122,1222,Mr. Mime,Psychic,Ice,White,Vital Spilit,Screen Cleaner,Ice Body,8,0,0,1.4,56.8,50,65,65,90,90,100,460
208,2082,Mega Steelix,Steel,Ground,Grey,Sand Force,Sand Force,Sand Force,2,0,1,10.5,740.0,75,125,230,55,95,30,610
94,942,Mega Gengar,Ghost,Poison,Purple,Shadow Tag,Shadow Tag,Shadow Tag,1,0,1,1.4,40.5,60,65,80,170,95,130,600
323,3231,Camerupt,Fire,Ground,Red,Magma Armor,Solid Rock,Anger Point,3,0,0,1.9,220.0,70,100,70,105,75,40,460
658,6582,Greninja,Water,Dark,Blue,Battle Bond,Battle Bond,Battle Bond,7,1,0,1.5,40.0,72,145,67,153,71,132,640
277,2771,Swellow,Normal,Flying,Blue,Guts,Guts,Scrappy,3,0,0,0.7,19.8,60,85,60,75,50,125,455
296,2961,Makuhita,Fighting,Fighting,Yellow,Thick Fat,Guts,Sheer Force,3,0,0,1.0,86.4,72,60,30,20,30,25,237
466,4661,Electivire,Electric,Electric,Yellow,Motor Drive,Motor Drive,Vital Spilit,4,0,0,1.8,138.6,75,123,67,95,85,95,540
745,7453,Lycanroc,Rock,Rock,Brown,Tough Claws,Tough Claws,Tough Claws,7,0,0,0.8,25.0,75,117,65,55,65,110,487
132,1321,Ditto,Normal,Normal,Purple,Limber,Limber,Imposter,1,0,0,0.3,4.0,48,48,48,48,48,48,288
586,5863,Sawsbuck,Normal,Grass,Brown,Chlorophyll,Sap Sipper,Serene Grace,5,0,0,1.9,92.5,80,100,70,60,70,95,475
800,8002,Necrozma,Psychic,Steel,Yellow,Prism Armor,Prism Armor,Prism Armor,7,1,0,3.8,460.0,97,157,127,113,109,77,680
626,6261,Bouffalant,Normal,Normal,Brown,Reckless,Sap Sipper,Soundproof,5,0,0,1.6,94.6,95,110,95,40,95,55,490
26,262,Raichu,Electric,Psychic,Brown,Surge Surfer,Surge Surfer,Surge Surfer,7,0,0,0.7,21.0,60,85,50,95,85,110,485
727,7271,Incineroar,Fire,Dark,Red,Blaze,Blaze,Intimidate,7,0,0,1.8,83.0,95,115,90,80,90,60,530
260,2601,Swampert,Water,Ground,Blue,Torrent,Torrent,Damp,3,0,0,1.5,81.9,100,110,90,85,90,60,535
702,7021,Dedenne,Electric,Fairy,Yellow,Cheek Pouch,Pickup,Plus,6,0,0,0.2,2.2,67,58,57,81,67,101,431
552,5521,Krokorok,Ground,Dark,Brown,Intimidate,Moxie,Anger Point,5,0,0,1.0,33.4,60,82,45,45,45,74,351
127,1272,Mega Pinsir,Bug,Flying,Brown,Aerilate,Aerilate,Aerilate,1,0,1,1.7,59.0,65,155,120,65,90,105,600
312,3121,Minun,Electric,Electric,Yellow,Minus,Minus,Lightning Rod,3,0,0,0.4,4.2,60,40,50,75,85,95,405
124,1241,Jynx,Ice,Psychic,Red,Oblivious,Forewarn,Dry Skin,1,0,0,1.4,40.6,65,50,35,115,95,95,455
241,2411,Miltank,Normal,Normal,Pink,Thick Fat,Scrappy,Sap Sipper,2,0,0,1.2,75.5,95,80,105,40,70,100,490
145,1451,Zapdos,Electric,Flying,Yellow,Pressure,Pressure,Static,1,1,0,1.6,52.6,90,90,85,125,90,100,580
555,5551,Darmanitan,Fire,Fire,Red,Sheer Force,Sheer Force,Zen Mode,5,0,0,1.3,92.9,105,140,55,30,55,95,480
494,4941,Victini,Psychic,Fire,Yellow,Victory Star,Victory Star,Victory Star,5,1,0,0.4,4.0,100,100,100,100,100,100,600
629,6291,Vullaby,Dark,Flying,Brown,Big Pecks,Overcoat,Weak Armor,5,0,0,0.5,9.0,70,55,75,45,65,60,370
17,171,Pidgeotto,Normal,Flying,Brown,Keen Eye,Tangled Feet,Big Pecks,1,0,0,1.1,30.0,63,60,55,50,50,71,349
676,6761,Furfrou,Normal,Normal,White,Fur Coat,Fur Coat,Fur Coat,6,0,0,1.2,28.0,75,80,60,65,90,102,472
547,5471,Whimsicott,Grass,Fairy,Green,Prankster,Infiltrator,Chlorophyll,5,0,0,0.7,6.6,60,67,85,77,75,116,480
237,2371,Hitmontop,Fighting,Fighting,Brown,Intimidate,Technician,Steadfast,2,0,0,1.4,48.0,50,95,95,35,110,70,455
432,4321,Purugly,Normal,Normal,Grey,Thick Fat,Own Tempo,Defiant,4,0,0,1.0,43.8,71,82,64,64,59,112,452
168,1681,Ariados,Bug,Poison,Red,Swarm,Insomnia,Sniper,2,0,0,1.1,33.5,70,90,70,60,70,40,400
661,6611,Fletchling,Normal,Flying,Red,Big Pecks,Big Pecks,Gale Wings,6,0,0,0.3,1.7,45,50,43,40,38,62,278
527,5271,Woobat,Psychic,Flying,Blue,Unaware,Klutz,Simple,5,0,0,0.4,2.1,65,45,43,55,43,72,323
125,1251,Electabuzz,Electric,Electric,Yellow,Static,Static,Vital Spilit,1,0,0,1.1,30.0,65,83,57,95,85,105,490
381,3812,Mega Latios,Dragon,Psychic,Purple,Levitate,Levitate,Levitate,3,1,1,2.3,70.0,80,130,100,160,120,110,700
719,7192,Mega Diancie,Rock,Fairy,Pink,Magic Bounce,Magic Bounce,Magic Bounce,6,1,1,1.1,27.8,50,160,110,160,110,110,700
91,911,Cloyster,Water,Ice,Purple,Shell Armor,Skill Link,Overcoat,1,0,0,1.5,132.5,50,95,180,85,45,70,525
715,7151,Noivern,Flying,Dragon,Purple,Frisk,Infiltrator,Telepathy,6,0,0,1.5,85.0,85,70,80,97,80,123,535
97,971,Hypno,Psychic,Psychic,Yellow,Insomnia,Forewarn,Inner Focus,1,0,0,1.6,75.6,85,73,70,73,115,67,483
696,6961,Tyrunt,Rock,Dragon,Brown,Strong Jaw,Strong Jaw,Sturdy,6,0,0,0.8,26.0,58,89,77,45,45,48,362
362,3622,Mega Glalie,Ice,Ice,Grey,Refrigerate,Refrigerate,Refrigerate,3,0,1,2.1,350.2,80,120,80,120,80,100,580
797,7971,Celesteela,Steel,Flying,Green,Beast Boost,Beast Boost,Beast Boost,7,1,0,9.2,999.9,97,101,103,107,101,61,570
63,631,Abra,Psychic,Psychic,Brown,Synchronize,Inner Focus,Magic guard,1,0,0,0.9,19.5,25,20,15,105,55,90,310
332,3321,Cacturne,Grass,Dark,Green,Sand Veil,Sand Veil,Water Absorb,3,0,0,1.3,77.4,70,115,60,115,60,55,475
875,8752,Eiscue,Ice,Ice,Blue,Ice Face,Ice Face,Ice Face,8,0,0,1.4,89.0,75,80,70,65,50,130,470
566,5661,Archen,Rock,Flying,Yellow,Defeatist,Defeatist,Defeatist,5,0,0,0.5,9.5,55,112,45,74,45,70,401
459,4591,Snover,Grass,Ice,White,Snow Warning,Snow Warning,Soundproof,4,0,0,1.0,50.5,60,62,50,62,60,40,334
779,7791,Bruxish,Water,Psychic,Pink,Dazzling,Strong Jaw,Wonder Skin,7,0,0,0.9,19.0,68,105,70,70,70,92,475
351,3514,Castform,Ice,Ice,White,Forecast,Forecast,Forecast,3,0,0,0.3,0.8,70,70,70,70,70,70,420
115,1151,Kangaskhan,Normal,Normal,Brown,Early Bird,Scrappy,Inner Focus,1,0,0,2.2,80.0,105,95,80,40,80,90,490
152,1521,Chikorita,Grass,Grass,Green,Overgrow,Overgrow,Leaf guard,2,0,0,0.9,6.4,45,49,65,49,65,45,318
18,181,Pidgeot,Normal,Flying,Brown,Keen Eye,Tangled Feet,Big Pecks,1,0,0,1.5,39.5,83,80,75,70,70,101,479
143,1431,Snorlax,Normal,Normal,Black,Immunity,Thick Fat,Gluttony,1,0,0,2.1,460.0,160,110,65,65,110,30,540
710,7102,Pumpkaboo,Ghost,Grass,Brown,Pickup,Frisk,Insomnia,6,0,0,0.4,5.0,44,66,70,44,55,56,335
138,1381,Omanyte,Rock,Water,Blue,Swift Swim,Shell Armor,Weak Armor,1,0,0,0.4,7.5,35,40,100,90,55,35,355
674,6741,Pancham,Fighting,Fighting,White,Iron Fist,Mold Breaker,Scrappy,6,0,0,0.6,8.0,67,82,62,46,48,43,348
93,931,Haunter,Ghost,Poison,Purple,Levitate,Levitate,Levitate,1,0,0,1.6,0.1,45,50,45,115,55,95,405
787,7871,Tapu Bulu,Grass,Fairy,Red,Grassy Surge,Grassy Surge,Telepathy,7,1,0,1.9,45.5,70,130,115,85,95,75,570
303,3032,Mega Mawile,Steel,Fairy,Black,Huge Power,Huge Power,Huge Power,3,0,1,1.0,23.5,50,105,125,55,95,50,480
895,8951,Regidrago,Dragon,Dragon,Green,Dragon's Maw,Dragon's Maw,Dragon's Maw,8,1,0,2.1,200.0,200,100,50,100,50,80,580
803,8031,Poipole,Poison,Poison,Purple,Beast Boost,Beast Boost,Beast Boost,7,1,0,0.6,1.8,67,73,67,73,67,73,420
352,3521,Kecleon,Normal,Normal,Green,Color Change,Color Change,Protean,3,0,0,1.0,22.0,60,90,70,60,120,40,440
793,7931,Nihilego,Rock,Poison,White,Beast Boost,Beast Boost,Beast Boost,7,1,0,1.2,55.5,109,53,47,127,131,103,570
172,1721,Pichu,Electric,Electric,Yellow,Static,Static,Lightning Rod,2,0,0,0.3,2.0,20,40,15,35,35,60,205
535,5351,Tympole,Water,Water,Blue,Swift Swim,Hydration,Water Absorb,5,0,0,0.5,4.5,50,50,40,50,40,64,294
52,521,Meowth,Normal,Normal,Yellow,Pickup,Technician,Unnerve,1,0,0,0.4,4.2,40,45,35,40,40,90,290
602,6021,Tynamo,Electric,Electric,White,Levitate,Levitate,Levitate,5,0,0,0.2,0.3,35,55,40,45,40,60,275
238,2381,Smoochum,Ice,Psychic,Pink,Oblivious,Forewarn,Hydration,2,0,0,0.5,6.0,45,30,15,85,65,65,305
150,1503,Mega Mewtwo Y,Psychic,Psychic,Purple,Insomnia,Insomnia,Insomnia,1,1,1,1.5,33.0,106,150,70,194,120,140,780
66,661,Machop,Fighting,Fighting,Grey,Guts,No Guard,Steadfast,1,0,0,0.8,19.5,70,80,50,35,35,35,305
201,2011,Unown,Psychic,Psychic,Black,Levitate,Levitate,Levitate,2,0,0,0.5,5.0,48,72,48,72,48,48,336
596,5961,Galvantula,Bug,Electric,Yellow,Compound Eyes,Unnerve,Swarm,5,0,0,0.8,14.3,70,77,60,97,60,108,472
498,4981,Tepig,Fire,Fire,Red,Blaze,Blaze,Thick Fat,5,0,0,0.5,9.9,65,63,45,45,45,45,308
121,1211,Starmie,Water,Psychic,Purple,Illuminate,Natural Cure,Analytic,1,0,0,1.1,80.0,60,75,85,100,85,115,520
279,2791,Pelipper,Water,Flying,Yellow,Keen Eye,Drizzle,Rain Dish,3,0,0,1.2,28.0,60,50,100,95,70,65,440
812,8121,Rillaboom,Grass,Grass,Green,Overgrow,Overgrow,Grassy Surge,8,0,0,2.1,90.0,100,125,90,60,70,85,530
427,4271,Buneary,Normal,Normal,Brown,Run Away,Klutz,Limber,4,0,0,0.4,5.5,55,66,44,44,56,85,350
302,3022,Mega Sableye,Dark,Ghost,Purple,Magic Bounce,Magic Bounce,Magic Bounce,3,0,1,0.5,161.0,50,85,125,85,115,20,480
768,7681,Golisopod,Bug,Water,Grey,Emergency Exit,Emergency Exit,Emergency Exit,7,0,0,2.0,108.0,75,125,140,60,90,40,530
378,3781,Regice,Ice,Ice,Blue,Clear Body,Clear Body,Ice Body,3,1,0,1.8,175.0,80,50,100,100,200,50,580
471,4711,Glaceon,Ice,Ice,Blue,Snow Cloak,Snow Cloak,Ice Body,4,0,0,0.8,25.9,65,60,110,130,95,65,525
78,782,Rapidash,Psychic,Fairy,White,Run Away,Pastel Veil,Anticipation,8,0,0,1.7,80.0,65,100,70,80,80,105,500
377,3771,Regirock,Rock,Rock,Brown,Clear Body,Clear Body,Sturdy,3,1,0,1.7,230.0,80,100,200,50,100,50,580
187,1871,Hoppip,Grass,Flying,Pink,Chlorophyll,Leaf Guard,Infiltrator,2,0,0,0.4,0.5,35,35,40,35,55,50,250
236,2361,Tyrogue,Fighting,Fighting,Purple,Guts,Steadfast,Vital Spilit,2,0,0,0.7,21.0,35,35,35,35,35,35,210
746,7462,Wishiwashi,Water,Water,Blue,Schooling,Schooling,Schooling,7,0,0,8.2,78.6,45,140,130,140,135,30,620
772,7721,Type: Null,Normal,Normal,Grey,Battle Armor,Battle Armor,Battle Armor,7,1,0,1.9,120.5,95,95,95,95,95,59,534
174,1741,Igglybuff,Normal,Fairy,Pink,Cute Charm,Competitive,Friend Guard,2,0,0,0.3,1.0,90,30,15,40,20,15,210
230,2301,Kingdra,Water,Dragon,Blue,Swift Swim,Sniper,Damp,2,0,0,1.8,152.0,75,95,95,95,95,85,540
645,6452,Landorus,Ground,Flying,Brown,Intimidate,Intimidate,Intimidate,5,1,0,1.3,68.0,89,145,90,105,80,91,600
75,751,Graveler,Rock,Ground,Brown,Rock Head,Sturdy,Sand Veil,1,0,0,1.0,105.0,55,95,115,45,45,35,390
363,3631,Spheal,Ice,Water,Blue,Thick Fat,Ice Body,Oblivious,3,0,0,0.8,39.5,70,40,50,55,50,25,290
718,7181,Zygarde,Dragon,Ground,Green,Aura Break,Power Construct,Aura Break,6,1,0,5.0,305.0,108,100,121,81,95,95,600
502,5021,Dewott,Water,Water,Blue,Torrent,Torrent,Shell Armor,5,0,0,0.8,24.5,75,75,60,83,60,60,413
520,5201,Tranquill,Normal,Flying,Grey,Big Pecks,Super Luck,Rivalry,5,0,0,0.6,15.0,62,77,62,50,42,65,358
110,1101,Weezing,Poison,Poison,Purple,Levitate,Neutralizing Gas,Stench,1,0,0,1.2,9.5,65,90,120,85,70,60,490
659,6591,Bunnelby,Normal,Normal,Brown,Pickup,Cheek Pouch,Huge Power,6,0,0,0.4,5.0,38,36,38,32,36,57,237
628,6281,Braviary,Normal,Flying,Red,Keen Eye,Sheer Force,Defiant,5,0,0,1.5,41.0,100,123,75,57,75,80,510
486,4861,Regigigas,Normal,Normal,White,Slow Start,Slow Start,Slow Start,4,1,0,3.7,420.0,110,160,110,80,110,100,670
465,4651,Tangrowth,Grass,Grass,Blue,Chlorophyll,Leaf Guard,Regenerator,4,0,0,2.0,128.6,100,100,125,110,50,50,535
211,2111,Qwilfish,Water,Poison,Grey,Poison Point,Swift Swim,Intimidate,2,0,0,0.5,3.9,65,95,85,55,55,85,440
842,8421,Appletun,Grass,Dragon,Green,Ripen,Gluttony,Thick Fat,8,0,0,0.4,13.0,110,85,80,100,80,30,485
223,2231,Remoraid,Water,Water,Grey,Hustle,Sniper,Moody,2,0,0,0.6,12.0,35,65,35,65,35,65,300
50,502,Diglett,Ground,Steel,Brown,Sand Veil,Tangling Hair,Sand Force,7,0,0,0.2,1.0,10,55,30,35,45,90,265
681,6812,Aegislash,Steel,Ghost,Brown,Stance Change,Stance Change,Stance Change,6,0,0,1.7,53.0,60,150,50,150,50,60,520
597,5971,Ferroseed,Grass,Steel,Grey,Iron Barbs,Iron Barbs,Iron Barbs,5,0,0,0.6,18.8,44,50,91,24,86,10,305
764,7641,Comfey,Fairy,Fairy,Green,Flower Veil,Triage,Natural Cure,7,0,0,0.1,0.3,51,52,90,82,110,100,485
565,5651,Carracosta,Water,Rock,Blue,Solid Rock,Sturdy,Swift Swim,5,0,0,1.2,81.0,74,108,133,83,65,32,495
89,892,Muk,Poison,Dark,Green,Poison Touch,Gluttony,Power of Alchemy,7,0,0,1.0,52.0,105,105,75,65,100,50,500
442,4421,Spiritomb,Ghost,Dark,Purple,Pressure,Pressure,Infiltrator,4,0,0,1.0,108.0,50,92,108,92,108,35,485
490,4901,Manaphy,Water,Water,Blue,Hydration,Hydration,Hydration,4,1,0,0.3,1.4,100,100,100,100,100,100,600
718,7182,Zygarde,Dragon,Ground,Black,Aura Break,Power Construct,Aura Break,6,1,0,1.2,33.5,54,100,71,61,85,115,486
800,8001,Necrozma,Psychic,Psychic,Black,Prism Armor,Prism Armor,Prism Armor,7,1,0,2.4,230.0,97,107,101,127,89,79,600
137,1371,Porygon,Normal,Normal,Pink,Trace,Download,Analytic,1,0,0,0.8,36.5,65,60,70,85,75,40,395
587,5871,Emolga,Electric,Flying,White,Static,Static,Motor drive,5,0,0,0.4,5.0,55,75,60,75,60,103,428
867,8671,Runerigus,Ground,Ghost,Grey,Wandering Spilit,Wandering Spilit,Wandering Spilit,8,0,0,1.6,66.6,58,95,145,50,105,30,483
679,6791,Honedge,Steel,Ghost,Brown,No Guard,No Guard,No Guard,6,0,0,0.8,2.0,45,80,100,35,37,28,325
383,3831,Groudon,Ground,Ground,Red,Drought,Drought,Drought,3,1,0,3.5,950.0,100,150,140,100,90,90,670
437,4371,Bronzong,Steel,Psychic,Green,Levitate,Heatproof,Heavy Metal,4,0,0,1.3,187.0,67,89,116,79,116,33,500
74,742,Geodude,Rock,Electric,Grey,Magnet Pull,Sturdy,Galvanize,7,0,0,0.4,20.3,40,80,100,30,30,20,300
419,4191,Floatzel,Water,Water,Brown,Swift Swim,Swift Swim,Water Veil,4,0,0,1.1,33.5,85,105,55,85,50,115,495
489,4891,Phione,Water,Water,Blue,Hydration,Hydration,Hydration,4,1,0,0.4,3.1,80,80,80,80,80,80,480
261,2611,Poochyena,Dark,Dark,Grey,Run Away,Quick Feet,Rattled,3,0,0,0.5,13.6,35,55,35,30,30,35,220
685,6851,Slurpuff,Fairy,Fairy,White,Sweet Veil,Sweet Veil,Unburden,6,0,0,0.8,5.0,82,80,86,85,75,72,480
433,4331,Chingling,Psychic,Psychic,Yellow,Levitate,Levitate,Levitate,4,0,0,0.2,0.6,45,30,50,65,50,45,285
523,5231,Zebstrika,Electric,Electric,Black,Lightning Rod,Motor Drive,Sap Sipper,5,0,0,1.6,79.5,75,100,63,80,63,116,497
119,1191,Seaking,Water,Water,Red,Swift Swim,Water Veil,Lightning Rod,1,0,0,1.3,39.0,80,92,65,65,80,68,450
88,882,Grimer,Poison,Dark,Green,Poison Touch,Gluttony,Power of Alchemy,7,0,0,0.7,42.0,80,80,50,40,50,25,325
445,4452,Mega Garchomp,Dragon,Ground,Blue,Sand Force,Sand Force,Sand Force,4,0,1,1.9,95.0,108,170,115,120,95,92,700
391,3911,Monferno,Fire,Fighting,Brown,Blaze,Blaze,Iron Fist,4,0,0,0.9,22.0,64,78,52,78,52,81,405
375,3751,Metang,Steel,Psychic,Blue,Clear Body,Clear Body,Light Metal,3,0,0,1.2,202.5,60,75,100,55,80,50,420
794,7941,Buzzwole,Bug,Fighting,Red,Beast Boost,Beast Boost,Beast Boost,7,1,0,2.4,333.6,107,139,139,53,53,79,570
776,7761,Turtonator,Fire,Dragon,Red,Shell Armor,Shell Armor,Shell Armor,7,0,0,2.0,212.0,60,78,135,91,85,36,485
721,7211,Volcanion,Fire,Water,Brown,Watet Absorb,Watet Absorb,Watet Absorb,6,1,0,1.7,195.0,80,110,120,130,90,70,600
18,182,Mega Pidgeot,Normal,Flying,Brown,No Guard,No Guard,No Guard,1,0,1,2.2,50.5,83,80,80,135,80,121,579
23,231,Ekans,Poison,Poison,Purple,Intimidate,Shed Skin,Unnerve,1,0,0,2.0,6.9,35,60,44,40,54,55,288
665,6651,Spewpa,Bug,Bug,Black,Shed Skin,Shed Skin,Friend Guard,6,0,0,0.3,8.4,45,22,60,27,30,29,213
1,11,Bulbasaur,Grass,Poison,Green,Overgrow,Overgrow,Chrolophyll,1,0,0,0.7,6.9,45,49,49,65,65,45,318
368,3681,Gorebyss,Water,Water,Pink,Swift Swim,Swift Swim,Hydration,3,0,0,1.8,22.6,55,84,105,114,75,52,485
479,4794,Rotom,Electric,Ice,Red,Levitate,Levitate,Levitate,4,0,0,0.3,0.3,50,65,107,105,107,86,520
589,5891,Escavalier,Bug,Steel,Grey,Swarm,Shell Armor,Overcoat,5,0,0,1.0,33.0,70,135,105,60,105,20,495
88,881,Grimer,Poison,Poison,Purple,Stench,Sticky Hold,Poison Touch,1,0,0,0.9,30.0,80,80,50,40,50,25,325
424,4241,Ambipom,Normal,Normal,Purple,Technician,Pickup,Skill Link,4,0,0,1.2,20.3,75,100,66,60,66,115,482
25,251,Pikachu,Electric,Electric,Yellow,Static,Static,Lightning Rod,1,0,0,0.4,6.0,35,55,40,50,50,90,320
814,8141,Raboot,Fire,Fire,Grey,Blaze,Blaze,Libero,8,0,0,0.6,9.0,65,86,60,55,60,94,420
620,6201,Mienshao,Fighting,Fighting,Purple,Inner Focus,Regenerator,Reckless,5,0,0,1.4,35.5,65,125,60,95,60,105,510
28,282,Sandslash,Ice,Steel,Blue,Snow Cloak,Snow Cloak,Slush Rush,7,0,0,1.2,55.0,75,100,120,25,65,65,450
19,191,Rattata,Normal,Normal,Purple,Run Away,Guts,Hustle,1,0,0,0.3,3.5,30,56,35,25,35,72,253
613,6131,Cubchoo,Ice,Ice,White,Snow Cloak,Slush Rush,Rattled,5,0,0,0.5,8.5,55,70,40,60,40,40,305
159,1591,Croconaw,Water,Water,Blue,Torrent,Torrent,Sheer Force,2,0,0,1.1,25.0,65,80,80,59,63,58,405
165,1651,Ledyba,Bug,Flying,Red,Swarm,Early Bird,Rattled,2,0,0,1.0,10.8,40,20,30,40,80,55,265
639,6391,Terrakion,Rock,Fighting,Grey,Justified,Justified,Justified,5,1,0,1.9,260.0,91,129,90,72,90,108,580
484,4841,Palkia,Water,Dragon,Purple,Pressure,Pressure,Telepathy,4,1,0,4.2,336.0,90,120,100,150,120,100,680
860,8601,Morgrem,Dark,Fairy,Pink,Prankster,Frisk,Pickpocket,8,0,0,0.8,12.5,65,60,45,75,55,70,370
214,2142,Mega Heracross,Bug,Fighting,Blue,Skill Link,Skill Link,Skill Link,2,0,1,1.7,62.5,80,185,115,40,105,75,600
874,8741,Stonjourner,Rock,Rock,Grey,Power Spot,Power Spot,Power Spot,8,0,0,2.5,520.0,100,125,135,20,20,70,470
220,2201,Swinub,Ice,Ground,Brown,Oblivious,Snow Cloak,Thick Fat,2,0,0,0.4,6.5,50,50,40,30,30,50,250
562,5621,Yamask,Ghost,Ghost,Black,Mummy,Mummy,Mummy,5,0,0,0.5,1.5,38,30,85,55,65,30,303
670,6701,Floette,Fairy,Fairy,White,Flower Veil,Flower Veil,Symbiosis,6,0,0,0.2,0.9,54,45,47,75,98,52,371
248,2482,Mega Tyranitar,Rock,Dark,Green,Sand Stream,Sand Stream,Sand Stream,2,0,1,2.0,255.0,100,164,150,95,120,71,700
648,6481,Meloetta,Normal,Psychic,White,Serene Grace,Serene Grace,Serene Grace,5,1,0,0.6,6.5,100,77,77,128,128,90,600
724,7241,Decidueye,Grass,Ghost,Brown,Overgrow,Overgrow,Long Reach,7,0,0,1.6,36.6,78,107,75,100,100,70,530
619,6191,Mienfoo,Fighting,Fighting,Yellow,Inner Focus,Regenerator,Reckless,5,0,0,0.9,20.0,45,85,50,55,50,65,350
80,802,Slowbro,Poison,Psychic,Pink,Quick Draw,Own Tempo,Regenerator,8,0,0,1.6,70.5,95,100,95,100,70,30,490
54,541,Psyduck,Water,Water,Yellow,Damp,Cloud Nine,Swift Swim,1,0,0,0.8,19.6,50,52,48,65,50,55,320
193,1931,Yanma,Bug,Flying,Red,Speed Boost,Compound Eyes,Frisk,2,0,0,1.2,38.0,65,65,45,75,45,95,390
294,2941,Loudred,Normal,Normal,Blue,Soundproof,Soundproof,Scrappy,3,0,0,1.0,40.5,84,71,43,71,43,48,360
627,6271,Rufflet,Normal,Flying,White,Keen Eye,Sheer Force,Hustle,5,0,0,0.5,10.5,70,83,50,37,50,60,350
341,3411,Corphish,Water,Water,Red,Hyper Cutter,Shell Armor,Adaptability,3,0,0,0.6,11.5,43,80,65,50,35,35,308
876,8762,Indeedee F,Psychic,Normal,Purple,Own Tempo,Synchronize,Psychic Surge,8,0,0,0.9,28.0,70,55,65,95,105,85,475
435,4351,Skuntank,Poison,Dark,Purple,Stench,Aftermath,Keen Eye,4,0,0,1.0,38.0,103,93,67,71,61,84,479
425,4251,Drifloon,Ghost,Flying,Purple,Aftermath,Unburden,Flare Boost,4,0,0,0.4,1.2,90,50,34,60,44,70,348
554,5541,Darumaka,Fire,Fire,Red,Hustle,Hustle,Inner Focus,5,0,0,0.6,37.5,70,90,45,15,45,50,315
38,381,Ninetales,Fire,Fire,Yellow,Flash Fire,Flash Fire,Drought,1,0,0,1.1,19.9,73,76,75,81,100,100,505
326,3261,Grumpig,Psychic,Psychic,Purple,Thick Fat,Own Tempo,Gluttony,3,0,0,0.9,71.5,80,45,65,90,110,80,470
254,2542,Mega Sceptile,Grass,Dragon,Green,Lightning Rod,Lightning Rod,Lightning Rod,3,0,1,1.9,55.2,70,110,75,145,85,145,630
142,1421,Aerodactyl,Rock,Flying,Purple,Rock Head,Pressure,Unnerve,1,0,0,1.8,59.0,80,105,65,60,75,130,515
161,1611,Sentret,Normal,Normal,Brown,Run Away,Keen Eye,Frisk,2,0,0,0.8,6.0,35,46,34,35,45,20,215
678,6782,Meowstic F,Psychic,Psychic,White,Keen Eye,Infiltrator,Competitive,6,0,0,0.6,8.5,74,48,76,83,81,104,466
588,5881,Karrablast,Bug,Bug,Blue,Swarm,Shed Skin,No Guard,5,0,0,0.5,5.9,50,75,45,40,45,60,315
190,1901,Aipom,Normal,Normal,Purple,Run Away,Pickup,Skill Link,2,0,0,0.6,11.5,55,70,55,40,55,85,360
380,3802,Mega Latias,Dragon,Psychic,Purple,Levitate,Levitate,Levitate,3,1,1,1.8,52.0,80,100,120,140,150,110,700
841,8411,Flapple,Grass,Dragon,Green,Ripen,Gluttony,Hustle,8,0,0,0.3,1.0,70,110,80,95,60,70,485
729,7291,Brionne,Water,Water,Blue,Torrent,Torrent,Liquid Voice,7,0,0,0.6,17.5,60,69,69,91,81,50,420
734,7341,Yungoos,Normal,Normal,Brown,Stakeout,Strong Jaw,Adaptability,7,0,0,0.4,6.0,48,70,30,30,30,45,253
746,7461,Wishiwashi,Water,Water,Blue,Schooling,Schooling,Schooling,7,0,0,0.2,0.3,45,20,20,25,25,40,175
698,6981,Amaura,Rock,Ice,Blue,Refrigerate,Refrigerate,Snow Warning,6,0,0,1.3,25.2,77,59,50,67,63,46,362
250,2501,Ho-Oh,Fire,Flying,Red,Pressure,Pressure,Regenerator,2,1,0,3.8,199.0,106,130,90,110,154,90,680
656,6561,Froakie,Water,Water,Blue,Torrent,Torrent,Protean,6,0,0,0.3,7.0,41,56,40,62,44,71,314
723,7231,Dartrix,Grass,Flying,Brown,Overgrow,Overgrow,Long Reach,7,0,0,0.7,16.0,78,75,75,70,70,52,420
95,951,Onix,Rock,Ground,Grey,Rock Head,Sturdy,Weak Armor,1,0,0,8.8,210.0,35,45,160,30,45,70,385
870,8701,Falinks,Fighting,Fighting,Yellow,Battle Armor,Battle Armor,Defiant,8,0,0,3.0,62.0,65,100,100,70,60,75,470
463,4631,Lickilicky,Normal,Normal,Pink,Own Tempo,Oblivious,Cloud Nine,4,0,0,1.7,140.0,110,85,95,80,95,50,515
511,5111,Pansage,Grass,Grass,Green,Gluttony,Gluttony,Overgrow,5,0,0,0.6,10.5,50,53,48,53,48,64,316
827,8271,Nickit,Dark,Dark,Brown,Run Away,Unburden,Stekeout,8,0,0,0.6,8.9,40,28,28,47,52,50,245
16,161,Pidgey,Normal,Flying,Brown,Keen Eye,Tangled Feet,Big Pecks,1,0,0,0.3,1.8,40,45,40,35,35,56,251
807,8071,Zeraora,Electric,Electric,Yellow,Volt Absorb,Volt Absorb,Volt Absorb,7,1,0,1.5,44.5,88,112,75,102,80,143,600
690,6901,Skrelp,Poison,Water,Brown,Poison Point,Poison Touch,Adaptability,6,0,0,0.5,7.3,50,60,60,60,60,30,320
231,2311,Phanpy,Ground,Ground,Blue,Pickup,Pickup,Sand Veil,2,0,0,0.5,33.5,90,60,60,40,40,40,330
483,4831,Dialga,Steel,Dragon,White,Pressure,Pressure,Telepathy,4,1,0,5.4,683.0,100,120,120,150,100,90,680
530,5301,Excadrill,Ground,Steel,Grey,Sand Rush,Sand Force,Mold Breaker,5,0,0,0.7,40.4,110,135,60,50,65,88,508
213,2131,Shuckle,Bug,Rock,Yellow,Sturdy,Gluttony,Contrary,2,0,0,0.6,20.5,20,10,230,10,230,5,505
337,3371,Lunatone,Rock,Psychic,Yellow,Levitate,Levitate,Levitate,3,0,0,1.0,168.0,90,55,65,95,85,70,460
897,8971,Spectrier,Ghost,Ghost,Black,Grim Neigh,Grim Neigh,Grim Neigh,8,1,0,2.0,44.5,100,65,60,145,80,130,580
171,1711,Lanturn,Water,Electric,Blue,Volt Absorb,Illuminate,Water Absorb,2,0,0,1.2,22.5,125,58,58,76,76,67,460
594,5941,Alomomola,Water,Water,Pink,Healer,Hydration,Regenerator,5,0,0,1.2,31.6,165,75,80,40,45,65,470
71,711,Victreebel,Grass,Poison,Green,Chlorophyll,Chlorophyll,Gluttony,1,0,0,1.7,15.5,80,105,65,100,70,70,490
343,3431,Baltoy,Ground,Psychic,Brown,Levitate,Levitate,Levitate,3,0,0,0.5,21.5,40,40,55,40,70,55,300
151,1511,Mew,Psychic,Psychic,Pink,Synchronize,Synchronize,Synchronize,1,1,0,0.4,4.0,100,100,100,100,100,100,600
606,6061,Beheeyem,Psychic,Psychic,Brown,Telepathy,Synchronize,Analytic,5,0,0,1.0,34.5,75,75,75,125,95,40,485
855,8551,Polteageist,Ghost,Ghost,Purple,Weak Armor,Weak Armor,Cursed Body,8,0,0,0.2,0.4,60,65,65,134,114,70,508
743,7431,Ribombee,Bug,Fairy,Yellow,Honey Gather,Shield Dust,Sweet Veil,7,0,0,0.2,0.5,60,55,60,95,70,124,464
397,3971,Staravia,Normal,Flying,Brown,Intimidate,Intimidate,Reckless,4,0,0,0.6,15.5,55,75,50,40,40,80,340
795,7951,Pheromosa,Bug,Fighting,White,Beast Boost,Beast Boost,Beast Boost,7,1,0,1.8,25.0,71,137,37,137,37,151,570
668,6681,Pyroar,Fire,Normal,Brown,Rivalry,Unnerve,Moxie,6,0,0,1.5,81.5,86,68,72,109,66,106,507
20,202,Raticate,Dark,Normal,Black,Gluttony,Hustle,Thick Fat,7,0,0,0.7,25.5,75,71,70,40,80,77,413
182,1821,Bellossom,Grass,Grass,Green,Chlorophyll,Chlorophyll,Healer,2,0,0,0.4,5.8,75,80,95,90,100,50,490
176,1761,Togetic,Fairy,Flying,White,Hustle,Serene Grace,Super Luck,2,0,0,0.6,3.2,55,40,85,80,105,40,405
207,2071,Gligar,Ground,Flying,Purple,Hyper Cutter,Sand Veil,Immunity,2,0,0,1.1,64.8,65,75,105,35,65,85,430
150,1502,Mega Mewtwo X,Psychic,Fighting,Purple,Steadfast,Steadfast,Steadfast,1,1,1,2.3,127.0,106,190,100,154,100,130,780
605,6051,Elgyem,Psychic,Psychic,Blue,Telepathy,Synchronize,Analytic,5,0,0,0.5,9.0,55,55,55,85,55,30,335
331,3311,Cacnea,Grass,Grass,Green,Sand Veil,Sand Veil,Water Absorb,3,0,0,0.4,51.3,50,85,40,85,40,35,335
53,532,Persian,Dark,Dark,Blue,Fur Coat,Technician,Rattled,7,0,0,1.1,33.0,65,60,60,75,65,115,440
591,5911,Amoonguss,Grass,Poison,White,Effect Spore,Effect Spore,Regenerator,5,0,0,0.6,10.5,114,85,70,85,80,30,464
447,4471,Riolu,Fighting,Fighting,Blue,Steadfast,Inner Focus,Prankster,4,0,0,0.7,20.2,40,70,40,35,40,60,285
892,8921,Urshifu,Fighting,Dark,Grey,Unseen Fist,Unseen Fist,Unseen Fist,8,1,0,1.9,105.0,100,130,100,63,60,97,550
631,6311,Heatmor,Fire,Fire,Red,Gluttony,Flaash Fire,White Smoke,5,0,0,1.4,58.0,85,97,66,105,66,65,484
741,7413,Oricorio,Psychic,Flying,Pink,Dancer,Dancer,Dancer,7,0,0,0.6,3.4,75,70,70,98,70,93,476
179,1791,Mareep,Electric,Electric,White,Static,Static,Plus,2,0,0,0.6,7.8,55,40,40,65,45,35,280
192,1921,Sunflora,Grass,Grass,Yellow,Chlorophyll,Solar Power,Early Bird,2,0,0,0.8,8.5,75,75,55,105,85,30,425
351,3513,Castform,Water,Water,Blue,Forecast,Forecast,Forecast,3,0,0,0.3,0.8,70,70,70,70,70,70,420
242,2421,Blissey,Normal,Normal,Pink,Natural Cure,Serene Grace,Healer,2,0,0,1.5,46.8,255,10,10,75,135,55,540
760,7601,Bewear,Normal,Fighting,Pink,Fluffy,Klutz,Unnerve,7,0,0,2.1,135.0,120,125,80,55,60,60,500
644,6441,Zekrom,Dragon,Electric,Black,Terabolt,Terabolt,Terabolt,5,1,0,2.9,345.0,100,150,120,120,100,90,680
309,3091,Electrike,Electric,Electric,Green,Static,Lightning Rod,Minus,3,0,0,0.6,15.2,40,45,40,65,40,65,295
429,4291,Mismagius,Ghost,Ghost,Purple,Levitate,Levitate,Levitate,4,0,0,0.9,4.4,60,60,60,105,105,105,495
740,7401,Crabominable,Fighting,Ice,White,Hyper Cutter,Iron Fist,Anger Point,7,0,0,1.7,180.0,97,132,77,62,67,43,478
567,5671,Archeops,Rock,Flying,Yellow,Defeatist,Defeatist,Defeatist,5,0,0,1.4,32.0,75,140,65,112,65,110,567
754,7541,Lurantis,Grass,Grass,Pink,Leaf Guard,Leaf Guard,Contrary,7,0,0,0.9,18.5,70,105,90,80,90,45,480
475,4752,Mega Gallade,Psychic,Fighting,White,Inner Focus,Inner Focus,Inner Focus,4,0,1,1.6,56.4,68,165,95,65,115,110,618
585,5851,Deerling,Normal,Grass,Pink,Chlorophyll,Sap Sipper,Serene Grace,5,0,0,0.6,19.5,60,60,50,40,50,75,335
585,5853,Deerling,Normal,Grass,Red,Chlorophyll,Sap Sipper,Serene Grace,5,0,0,0.6,19.5,60,60,50,40,50,75,335
510,5101,Liepard,Dark,Dark,Purple,Limber,Unburden,Prankster,5,0,0,1.1,37.5,64,88,50,88,50,106,446
281,2811,Kirlia,Psychic,Fairy,White,Synchronize,Trace,Telepathy,3,0,0,0.8,20.2,38,35,35,65,55,50,278
642,6422,Thundurus,Electric,Flying,Blue,Volt Absorb,Volt Absorb,Volt Absorb,5,1,0,3.0,61.0,79,105,70,145,80,101,580
896,8961,Glastrier,Ice,Ice,White,Chilling Neigh,Chilling Neigh,Chilling Neigh,8,1,0,2.2,800.0,100,145,130,65,110,30,580
80,801,Slowbro,Water,Psychic,Pink,Oblivious,Own Tempo,Regenerator,1,0,0,1.6,78.5,95,75,110,100,80,30,490
98,981,Krabby,Water,Water,Red,Hyper Cutter,Shell Armor,Sheer Force,1,0,0,0.4,6.5,30,105,90,25,25,50,325
710,7101,Pumpkaboo,Ghost,Grass,Brown,Pickup,Frisk,Insomnia,6,0,0,0.3,3.5,49,66,70,44,55,51,335
475,4751,Gallade,Psychic,Fighting,White,Steadfast,Steadfast,Justified,4,0,0,1.6,52.0,68,125,65,65,115,80,518
892,8922,Urshifu,Fighting,Water,Grey,Unseen Fist,Unseen Fist,Unseen Fist,8,1,0,1.9,105.0,100,130,100,63,60,97,550
200,2001,Misdreavus,Ghost,Ghost,Grey,Levitate,Levitate,Levitate,2,0,0,0.7,1.0,60,60,60,85,85,85,435
617,6171,Accelgor,Bug,Bug,Red,Hydration,Sticky Hold,Unburden,5,0,0,0.8,25.3,80,70,40,100,60,145,495
6,61,Charizard,Fire,Flying,Red,Blaze,Blaze,Solar Power,1,0,0,1.7,90.5,78,84,78,109,85,100,534
599,5991,Klink,Steel,Steel,Grey,Plus,Minus,Clear Body,5,0,0,0.3,21.0,40,55,70,45,60,30,300
342,3421,Crawdaunt,Water,Dark,Red,Hyper Cutter,Shell Armor,Adaptability,3,0,0,1.1,32.8,63,120,85,90,55,55,468
831,8311,Wooloo,Normal,Normal,White,Fluffy,Run Away,Bulletproof,8,0,0,0.6,6.0,42,40,55,40,45,48,270
461,4611,Weavile,Dark,Ice,Black,Pressure,Pressure,Pickpocket,4,0,0,1.1,34.0,70,120,65,45,85,125,510
607,6071,Litwick,Ghost,Fire,White,Flash Fire,Flame Body,Infiltrator,5,0,0,0.3,3.1,50,30,55,65,55,20,275
869,8691,Alcremie,Fairy,Fairy,Pink,Sweet Veil,Sweet Veil,Aroma Veil,8,0,0,0.3,0.5,65,60,75,110,121,64,495
49,491,Venomoth,Bug,Poison,Purple,Shield Dust,Tinted Lens,Wonder Skin,1,0,0,1.5,12.5,70,65,60,90,75,90,450
441,4411,Chatot,Normal,Flying,Black,Keen Eye,Tangled Feet,Big Pecks,4,0,0,0.5,1.9,76,65,45,92,42,91,411
376,3762,Mega Metagross,Steel,Psychic,Blue,Tough Claws,Tough Claws,Tough Claws,3,0,1,2.5,942.9,80,145,150,105,110,110,700
50,501,Diglett,Ground,Ground,Brown,Sand Veil,Arena Trap,Sand Force,1,0,0,0.2,0.8,10,55,25,35,45,95,265
28,281,Sandslash,Ground,Ground,Yellow,Sand Veil,Sand Veil,Sand Rush,1,0,0,1.0,29.5,75,100,110,45,55,65,450
545,5451,Scolipede,Bug,Poison,Red,Poison Point,Swarm,Speed Boost,5,0,0,1.5,200.5,60,100,89,55,69,112,485
761,7611,Bounsweet,Grass,Grass,Purple,Leaf Guard,Oblivious,Sweet Veil,7,0,0,0.3,3.2,42,30,38,30,38,32,210
543,5431,Venipede,Bug,Poison,Red,Poison Point,Swarm,Speed Boost,5,0,0,0.4,5.3,30,45,59,30,39,57,260
529,5291,Drilbur,Ground,Ground,Grey,Sand Rush,Sand Force,Mold Breaker,5,0,0,0.3,8.5,60,85,40,30,45,68,328
646,6463,Kyurem,Dragon,Ice,Grey,Terabolt,Terabolt,Terabolt,5,1,0,3.3,325.0,125,170,100,120,90,95,700
129,1291,Magikarp,Water,Water,Red,Swift Swim,Swift Swim,Rattled,1,0,0,0.9,10.0,20,10,55,15,20,80,200
522,5221,Blitzle,Electric,Electric,Black,Lightning Rod,Motor Drive,Sap Sipper,5,0,0,0.8,29.8,45,60,32,50,32,76,295
667,6671,Litleo,Fire,Normal,Brown,Rivalry,Unnerve,Moxie,6,0,0,0.6,13.5,62,50,58,73,54,72,369
818,8181,Inteleon,Water,Water,Blue,Torrent,Torrent,Sniper,8,0,0,1.9,45.2,70,85,75,125,65,120,540
462,4621,Magnezone,Electric,Steel,Grey,Magnet Pull,Sturdy,Analytic,4,0,0,1.2,180.0,70,70,115,130,90,60,535
832,8321,Dubwool,Normal,Normal,White,Fluffy,Steadfast,Bulletproof,8,0,0,1.3,43.0,72,80,100,60,90,88,490
339,3391,Barboach,Water,Ground,Grey,Oblivious,Anticipation,Hydration,3,0,0,0.4,1.9,50,48,43,46,41,60,288
808,8081,Meltan,Steel,Steel,Grey,Magnet Pull,Magnet Pull,Magnet Pull,7,1,0,0.2,8.0,46,65,65,55,35,34,300
506,5061,Lillipup,Normal,Normal,Brown,Vital Spilit,Pickup,Run Away,5,0,0,0.4,4.1,45,60,45,25,45,55,275
9,92,Mega Blastoise,Water,Water,Blue,Mega Launcher,Mega Launcher,Mega Launcher,1,0,1,1.6,101.1,79,103,120,135,115,78,630
865,8651,Sirfetch'd,Fighting,Fighting,White,Steadfast,Steadfast,Scrappy,8,0,0,0.8,117.0,62,135,95,68,82,65,507
684,6841,Swirlix,Fairy,Fairy,White,Sweet Veil,Sweet Veil,Unburden,6,0,0,0.4,3.5,62,48,66,59,57,49,341
372,3721,Shelgon,Dragon,Dragon,White,Rock Head,Rock Head,Overcoat,3,0,0,1.1,110.5,65,95,100,60,50,50,420
240,2401,Magby,Fire,Fire,Red,Flame Body,Flame Body,Vital Spilit,2,0,0,0.7,21.4,45,75,37,70,55,83,365
111,1111,Rhyhorn,Ground,Rock,Grey,Lightning Rod,Rock Head,Reckless,1,0,0,1.0,115.0,80,85,95,30,30,25,345
655,6551,Delphox,Fire,Psychic,Red,Blaze,Blaze,Magician,6,0,0,1.5,39.0,75,69,72,114,100,104,534
497,4971,Serperior,Grass,Grass,Green,Overgrow,Overgrow,Contrary,5,0,0,3.3,63.0,75,75,95,75,95,113,528
351,3512,Castform,Fire,Fire,Red,Forecast,Forecast,Forecast,3,0,0,0.3,0.8,70,70,70,70,70,70,420
712,7121,Bergmite,Ice,Ice,Blue,Own Tempo,Ice Body,Sturdy,6,0,0,1.0,99.5,55,69,85,32,35,28,304
666,6661,Vivillon,Bug,Flying,White,Shield Dust,Compound Eyes,Friend Guard,6,0,0,1.2,17.0,80,52,50,90,50,89,411
400,4001,Bibarel,Normal,Water,Brown,Simple,Unaware,Moody,4,0,0,1.0,31.5,79,85,60,55,60,71,410
756,7561,Shiinotic,Grass,Fairy,Purple,Illuminate,Effect Spore,Rain Dish,7,0,0,1.0,11.5,60,45,80,90,100,30,405
728,7281,Popplio,Water,Water,Blue,Torrent,Torrent,Liquid Voice,7,0,0,0.4,7.5,50,54,54,66,56,40,320
19,192,Rattata,Dark,Normal,Black,Gluttony,Hustle,Thick Fat,7,0,0,0.3,3.8,30,56,35,25,35,72,253
493,4931,Arceus,Normal,Normal,White,Multitype,Multitype,Multitype,4,1,0,3.2,320.0,120,120,120,120,120,120,720
572,5721,Minccino,Normal,Normal,Grey,Cute Charm,Technician,Skill Link,5,0,0,0.4,5.8,55,50,40,40,40,75,300
64,641,Kadabra,Psychic,Psychic,Brown,Synchronize,Inner Focus,Magic guard,1,0,0,1.3,56.5,40,35,30,120,70,105,400
306,3061,Aggron,Steel,Rock,Grey,Sturdy,Rock Head,Heavy Metal,3,0,0,2.1,360.0,70,110,180,60,60,50,530
103,1031,Exeggutor,Grass,Psychic,Yellow,Chlorophyll,Chlorophyll,Harvest,1,0,0,2.0,120.0,95,95,85,125,75,55,530
2,21,Ivysaur,Grass,Poison,Green,Overgrow,Overgrow,Chrolophyll,1,0,0,1.0,13.0,60,62,63,80,80,60,405
681,6811,Aegislash,Steel,Ghost,Brown,Stance Change,Stance Change,Stance Change,6,0,0,1.7,53.0,60,50,150,50,150,60,520
15,152,Mega Beedrill,Bug,Poison,Yellow,Adaptability,Adaptability,Adaptability,1,0,1,1.4,40.5,65,150,40,15,80,145,495
22,221,Fearow,Normal,Flying,Brown,Keen Eye,Keen Eye,Sniper,1,0,0,1.2,38.0,65,90,65,61,61,100,442
282,2821,Gardevoir,Psychic,Fairy,White,Synchronize,Trace,Telepathy,3,0,0,1.6,48.4,68,65,65,125,115,80,518
420,4201,Cherubi,Grass,Grass,Pink,Chlorophyll,Chlorophyll,Chlorophyll,4,0,0,0.4,3.3,45,35,45,62,53,35,275
887,8871,Dragapult,Dragon,Ghost,Green,Clear Body,Infiltrator,Cursed Body,8,0,0,3.0,50.0,88,120,75,100,75,142,600
488,4881,Cresselia,Psychic,Psychic,Yellow,Levitate,Levitate,Levitate,4,1,0,1.5,85.6,120,70,120,75,130,85,600
297,2971,Hariyama,Fighting,Fighting,Brown,Thick Fat,Guts,Sheer Force,3,0,0,2.3,253.8,144,120,60,40,60,50,474
65,652,Mega Alakazam,Psychic,Psychic,Brown,Trace,Trace,Trace,1,0,1,1.2,48.0,55,50,65,175,95,150,590
414,4141,Mothim,Bug,Flying,Yellow,Swarm,Swarm,Tinted Lens,4,0,0,0.9,23.3,70,94,50,94,50,66,424
278,2781,Wingull,Water,Flying,White,Keen Eye,Hydration,Rain Dish,3,0,0,0.6,9.5,40,30,30,55,30,85,270
41,411,Zubat,Poison,Flying,Purple,Inner Focus,Inner Focus,Infiltrator,1,0,0,0.8,7.5,40,45,35,30,40,55,245
426,4261,Drifblim,Ghost,Flying,Purple,Aftermath,Unburden,Flare Boost,4,0,0,1.2,15.0,150,80,44,90,54,80,498
136,1361,Flareon,Fire,Fire,Red,Flash Fire,Flash Fire,Guts,1,0,0,0.9,25.0,65,130,60,95,110,65,525
369,3691,Relicanth,Water,Rock,Grey,Swift Swim,Swift Swim,Sturdy,3,0,0,1.0,23.4,100,90,130,45,65,55,485
411,4111,Bastiodon,Rock,Steel,Grey,Sturdy,Sturdy,Soundproof,4,0,0,1.3,149.5,60,52,168,47,138,30,495
479,4793,Rotom,Electric,Water,Red,Levitate,Levitate,Levitate,4,0,0,0.3,0.3,50,65,107,105,107,86,520
782,7821,Jangmo-o,Dragon,Dragon,Grey,Bulletproof,Soundproof,Overcoat,7,0,0,0.6,29.7,45,55,65,45,45,45,300
850,8501,Sizzlipede,Fire,Bug,Red,Flash Fire,White Smoke,Flame Body,8,0,0,0.7,1.0,50,65,45,50,50,45,305
820,8201,Greedent,Normal,Normal,Brown,Cheek Pouch,Cheek Pouch,Gluttony,8,0,0,0.6,6.0,120,95,55,55,75,20,420
389,3891,Torterra,Grass,Ground,Green,Overgrow,Overgrow,Shell Armor,4,0,0,2.2,310.0,95,109,105,75,85,56,525
876,8761,Indeedee M,Psychic,Normal,Purple,Inner Focus,Synchronize,Psychic Surge,8,0,0,0.9,28.0,60,65,55,105,95,95,475
781,7811,Dhelmise,Ghost,Grass,Green,Steelworker,Steelworker,Steelworker,7,0,0,3.9,210.0,70,131,100,86,90,40,517
358,3581,Chimecho,Psychic,Psychic,Blue,Levitate,Levitate,Levitate,3,0,0,0.6,1.0,75,50,80,95,90,65,455
457,4571,Lumineon,Water,Water,Blue,Swift Swim,Storm Drain,Water Veil,4,0,0,1.2,24.0,69,69,76,69,86,91,460
115,1152,Mega Kangaskhan,Normal,Normal,Brown,Parental Bond,Parental Bond,Parental Bond,1,0,1,2.2,100.0,105,125,100,60,100,100,590
431,4311,Glameow,Normal,Normal,Grey,Limber ,Own Tempo,Keen Eye,4,0,0,0.5,3.9,49,55,42,42,37,85,310
178,1781,Xatu,Psychic,Flying,Green,Synchronize,Early Bird,Magic Bounce,2,0,0,1.5,15.0,65,75,70,95,70,95,470
637,6371,Volcarona,Bug,Fire,White,Flame Body,Flame Body,Swarm,5,0,0,1.6,46.0,85,60,65,135,105,100,550
886,8861,Drakloak,Dragon,Ghost,Green,Clear Body,Infiltrator,Cursed Body,8,0,0,1.4,11.0,68,80,50,60,50,102,410
413,4133,Wormadam,Bug,Steel,Red,Anticipation,Anticipation,Overcoat,4,0,0,0.5,6.5,60,69,95,69,95,36,424
542,5421,Leavanny,Bug,Grass,Yellow,Swarm,Chlorophyll,Overcoat,5,0,0,1.2,20.5,75,103,80,70,80,92,500
387,3871,Turtwig,Grass,Grass,Green,Overgrow,Overgrow,Shell Armor,4,0,0,0.4,10.2,55,68,64,45,55,31,318
110,1102,Weezing,Poison,Fairy,Grey,Levitate,Neutralizing Gas,Misty Surge,8,0,0,3.0,16.0,65,90,120,85,70,60,490
96,961,Drowzee,Psychic,Psychic,Yellow,Insomnia,Forewarn,Inner Focus,1,0,0,1.0,32.4,60,48,45,43,90,42,328
118,1181,Goldeen,Water,Water,Red,Swift Swim,Water Veil,Lightning Rod,1,0,0,0.6,15.0,45,67,60,35,50,63,320
197,1971,Umbreon,Dark,Dark,Black,Synchronize,Synchronize,Inner Focus,2,0,0,1.0,27.0,95,65,110,60,130,65,525
641,6412,Tornadus,Flying,Flying,Green,Regenerator,Regenerator,Regenerator,5,1,0,1.4,63.0,79,100,80,110,90,121,580
496,4961,Servine,Grass,Grass,Green,Overgrow,Overgrow,Contrary,5,0,0,0.8,16.0,60,60,75,60,75,83,413
532,5321,Timburr,Fighting,Fighting,Grey,Guts,Sheer Force,Iron Fist,5,0,0,0.6,12.5,75,80,55,25,35,35,305
448,4482,Mega Lucario,Fighting,Steel,Blue,Adaptability,Adaptability,Adaptability,4,0,1,1.3,57.5,70,145,88,140,70,112,625
849,8491,Toxtricity,Electric,Poison,Purple,Punk Rock,Plus,Technician,8,0,0,1.6,40.0,75,98,70,114,70,75,502
741,7411,Oricorio,Fire,Flying,Red,Dancer,Dancer,Dancer,7,0,0,0.6,3.4,75,70,70,98,70,93,476
206,2061,Dunsparce,Normal,Normal,Yellow,Serene Grace,Run Away,Rattled,2,0,0,1.5,14.0,100,70,70,65,65,45,415
479,4796,Rotom,Electric,Grass,Red,Levitate,Levitate,Levitate,4,0,0,0.3,0.3,50,65,107,105,107,86,520
82,821,Magneton,Electric,Steel,Grey,Magnet Pull,Sturdy,Analytic,1,0,0,1.0,60.0,50,60,95,120,70,70,465
323,3232,Mega Camerupt,Fire,Ground,Red,Sheer Force,Sheer Force,Sheer Force,3,0,1,2.5,320.5,70,120,100,145,105,20,560
284,2841,Masquerain,Bug,Flying,Blue,Intimidate,Intimidate,Unnerve,3,0,0,0.8,3.6,70,60,62,100,82,80,454
286,2861,Breloom,Grass,Fighting,Green,Effect Spore,Poison Heal,Technician,3,0,0,1.2,39.2,60,130,80,60,60,70,460
508,5081,Stoutland,Normal,Normal,Grey,Intimidate,Sand Rush,Scrappy,5,0,0,1.2,61.0,85,110,90,45,90,80,500
34,341,Nidoking,Poison,Ground,Purple,Poison Point,Rivalry,Sheer Force,1,0,0,1.4,62.0,81,102,77,85,75,85,505
505,5051,Watchog,Normal,Normal,Brown,Illuminate,Keen Eye,Analytic,5,0,0,1.1,27.0,60,85,69,60,69,77,420
344,3441,Claydol,Ground,Psychic,Black,Levitate,Levitate,Levitate,3,0,0,1.5,108.0,60,70,105,70,120,75,500
634,6341,Zweilous,Dark,Dragon,Blue,Hustle,Hustle,Hustle,5,0,0,1.4,50.0,72,85,70,65,70,58,420
730,7301,Primarina,Water,Fairy,Blue,Torrent,Torrent,Liquid Voice,7,0,0,1.8,44.0,80,74,74,126,116,60,530
423,4231,Gastrodon,Water,Ground,Purple,Sticky Hold,Storm Drain,Sand Force,4,0,0,0.9,29.9,111,83,68,92,82,39,475
272,2721,Ludicolo,Water,Grass,Green,Swift Swim,Rain Dish,Own Tempo,3,0,0,1.5,55.0,80,70,70,90,100,70,480
819,8191,Skwovet,Normal,Normal,Brown,Cheek Pouch,Cheek Pouch,Gluttony,8,0,0,0.3,2.5,70,55,40,35,35,25,260
131,1311,Lapras,Water,Ice,Blue,Water Absorb,Shell Armor,Hydration,1,0,0,2.5,220.0,130,85,80,85,95,60,535
105,1052,Marowak,Fire,Ghost,Purple,Cursed Body,Lightning Rod,Rock Head,7,0,0,1.0,34.0,60,80,110,50,80,45,425
357,3571,Tropius,Grass,Flying,Green,Chlorophyll,Solar Power,Harvest,3,0,0,2.0,100.0,99,68,83,72,87,51,460
180,1801,Flaaffy,Electric,Electric,Pink,Static,Static,Plus,2,0,0,0.8,13.3,70,55,55,80,60,45,365
576,5761,Gothitelle,Psychic,Psychic,Purple,Frisk,Competitive,Shadow Tag,5,0,0,1.5,44.0,70,55,95,95,110,65,490
184,1841,Azumarill,Water,Fairy,Blue,Thick Fat,Huge Power,Sap Sipper,2,0,0,0.8,28.5,100,50,80,60,80,50,420
382,3822,Primal Kyogre,Water,Water,Blue,Primordial Sea,Primordial Sea,Primordial Sea,3,1,1,9.8,430.0,100,150,90,180,160,90,770
434,4341,Stunky,Poison,Dark,Purple,Stench,Aftermath,Keen Eye,4,0,0,0.4,19.2,63,63,47,41,41,74,329
775,7751,Komala,Normal,Normal,Blue,Comatose,Comatose,Comatose,7,0,0,0.4,19.9,65,115,65,75,95,65,480
531,5311,Audino,Normal,Normal,Pink,Healer,Regenerator,Klutz,5,0,0,1.1,31.0,103,60,86,60,86,50,445
485,4851,Heatran,Fire,Steel,Brown,Flash Fire,Flash Fire,Flame Body,4,1,0,1.7,430.0,91,90,106,130,106,77,600
302,3021,Sableye,Dark,Ghost,Purple,Keen Eye,Stall,Prankster,3,0,0,0.5,11.0,50,75,75,65,65,50,380
711,7112,Gourgeist,Ghost,Grass,Brown,Pickup,Frisk,Insomnia,6,0,0,0.9,12.5,55,85,122,58,75,99,494
645,6451,Landorus,Ground,Flying,Brown,Sand Force,Sand Force,Sheer Force,5,1,0,1.5,68.0,89,125,90,115,80,101,600
105,1051,Marowak,Ground,Ground,Brown,Rock Head,Lightning Rod,Battle Armor,1,0,0,1.0,45.0,60,80,110,50,80,45,425
688,6881,Binacle,Rock,Water,Brown,Tough Claws,Sniper,Pickpocket,6,0,0,0.5,31.0,42,52,67,39,56,50,306
785,7851,Tapu Koko,Electric,Fairy,Yellow,Electric Surge,Electric Surge,Telepathy,7,1,0,1.8,20.5,70,115,85,95,75,130,570
697,6971,Tyrantrum,Rock,Dragon,Red,Strong Jaw,Strong Jaw,Rock Head,6,0,0,2.5,270.0,82,121,119,69,59,71,521
845,8451,Cramorant,Flying,Water,Blue,Gulp Missile,Gulp Missile,Gulp Missile,8,0,0,0.8,18.0,70,85,55,85,95,85,475
893,8931,Zarude,Dark,Grass,Green,Leaf Guard,Leaf Guard,Leaf Guard,8,1,0,1.8,70.0,105,120,105,70,95,105,600
745,7452,Lycanroc,Rock,Rock,Red,Keen Eye,Vital Spilit,No Guard,7,0,0,1.1,25.0,85,115,75,55,75,82,487
838,8381,Carkol,Rock,Fire,Black,Steam Engine,Flame Body,Flash Fire,8,0,0,1.1,78.0,80,60,90,60,70,50,410
247,2471,Pupitar,Rock,Ground,Grey,Shed Skin,Shed Skin,Shed Skin,2,0,0,1.2,152.0,70,84,70,65,70,51,410
880,8801,Dracozolt,Electric,Dragon,Green,Volt Absorb,Hustle,Sand Rush,8,0,0,1.8,190.0,90,100,90,80,70,75,505
843,8431,Silicobra,Ground,Ground,Green,Sand Spit,Shed Skin,Sand Veil,8,0,0,2.2,7.6,52,57,75,35,50,46,315
621,6211,Druddigon,Dragon,Dragon,Red,Rough Skin,Sheer Force,Mold Breaker,5,0,0,1.6,139.0,77,120,90,60,90,48,485
673,6731,Gogoat,Grass,Grass,Brown,Sap Sipper,Sap Sipper,Grass Pelt,6,0,0,1.7,91.0,123,100,62,97,81,68,531
802,8021,Marshadow,Fighting,Ghost,Grey,Technician,Technician,Technician,7,1,0,0.7,22.2,90,125,80,90,90,125,600
654,6541,Braixen,Fire,Fire,Red,Blaze,Blaze,Magician,6,0,0,1.0,14.5,59,59,58,90,70,73,409
630,6301,Mandibuzz,Dark,Flying,Brown,Big Pecks,Overcoat,Weak Armor,5,0,0,1.2,39.5,110,65,105,55,95,80,510
8,81,Wartortle,Water,Water,Blue,Torrent,Torrent,Rain Dish,1,0,0,1.0,22.5,59,63,80,65,80,58,405
270,2701,Lotad,Water,Grass,Green,Swift Swim,Rain Dish,Own Tempo,3,0,0,0.5,2.6,40,30,30,40,50,30,220
453,4531,Croagunk,Poison,Fighting,Blue,Anticipation,Dry Skin,Poison Touch,4,0,0,0.7,23.0,48,61,40,61,40,50,300
209,2091,Snubbull,Fairy,Fairy,Pink,Intimidate,Run Away,Rattled,2,0,0,0.6,7.8,60,80,50,40,40,30,300
167,1671,Spinarak,Bug,Poison,Green,Swarm,Insomnia,Sniper,2,0,0,0.5,8.5,40,60,40,40,40,30,250
333,3331,Swablu,Normal,Flying,Blue,Natural Cure,Natural Cure,Cloud Nine,3,0,0,0.4,1.2,45,40,60,40,75,50,310
539,5391,Sawk,Fighting,Fighting,Blue,Sturdy,Inner Focus,Mold Breaker,5,0,0,1.4,51.0,75,125,75,30,75,85,465
53,531,Persian,Normal,Normal,Yellow,Limber,Technician,Unnerve,1,0,0,1.0,32.0,65,70,60,65,65,115,440
570,5701,Zorua,Dark,Dark,Grey,Illusion,Illusion,Illusion,5,0,0,0.7,12.5,40,65,40,80,40,65,330
154,1541,Meganium,Grass,Grass,Green,Overgrow,Overgrow,Leaf guard,2,0,0,1.8,100.5,80,82,100,83,100,80,525
551,5511,Sandile,Ground,Dark,Brown,Intimidate,Moxie,Anger Point,5,0,0,0.7,15.2,50,72,35,35,35,65,292
479,4795,Rotom,Electric,Flying,Red,Levitate,Levitate,Levitate,4,0,0,0.3,0.3,50,65,107,105,107,86,520
840,8401,Applin,Grass,Dragon,Green,Ripen,Gluttony,Bulletproof,8,0,0,0.2,0.5,40,40,80,40,40,20,260
85,851,Dodrio,Normal,Flying,Brown,Run Away,Early Bird,Tangled Feet,1,0,0,1.8,85.2,60,110,70,60,60,110,470
273,2731,Seedot,Grass,Grass,Brown,Chlorophyll,Early Bird,Pickpocket,3,0,0,0.5,4.0,40,40,50,30,30,30,220
516,5161,Simipour,Water,Water,Blue,Gluttony,Gluttony,Torrent,5,0,0,1.0,29.0,75,98,63,98,63,101,498
262,2621,Mightyena,Dark,Dark,Grey,Intimidate,Quick Feet,Moxie,3,0,0,1.0,37.0,70,90,70,60,60,70,420
365,3651,Walrein,Ice,Water,Blue,Thick Fat,Ice Body,Oblivious,3,0,0,1.4,150.6,110,80,90,95,90,65,530
421,4211,Cherrim,Grass,Grass,Pink,Flower Gift,Flower Gift,Flower Gift,4,0,0,0.5,9.3,70,60,70,87,78,85,450
288,2881,Vigoroth,Normal,Normal,White,Vital Spilit,Vital Spilit,Vital Spilit,3,0,0,1.4,46.5,80,80,80,55,55,90,440
609,6091,Chandelure,Ghost,Fire,Black,Flash Fire,Flame Body,Infiltrator,5,0,0,1.0,34.3,60,55,90,145,90,80,520
515,5151,Panpour,Water,Water,Blue,Gluttony,Gluttony,Torrent,5,0,0,0.6,13.5,50,53,48,53,48,64,316
815,8151,Cinderace,Fire,Fire,White,Blaze,Blaze,Libero,8,0,0,1.4,33.0,80,116,75,65,75,119,530
423,4232,Gastrodon,Water,Ground,Blue,Sticky Hold,Storm Drain,Sand Force,4,0,0,0.9,29.9,111,83,68,92,82,39,475
526,5261,Gigalith,Rock,Rock,Blue,Sturdy,Sand Stream,Sand Force,5,0,0,1.7,260.0,85,135,130,60,80,25,515
373,3732,Mega Salamence,Dragon,Flying,Blue,Aerilate,Aerilate,Aerilate,3,0,1,1.8,112.6,95,145,130,120,90,120,700
677,6771,Espurr,Psychic,Psychic,Grey,Keen Eye,Infiltrator,Own Tempo,6,0,0,0.3,3.5,62,48,54,63,60,68,355
235,2351,Smeargle,Normal,Normal,White,Own Tempo,Technician,Moody,2,0,0,1.2,58.0,55,20,35,20,45,75,250
346,3461,Cradily,Rock,Grass,Green,Suction Cups,Suction Cups,Storm Drain,3,0,0,1.5,60.4,86,81,97,81,107,43,495
149,1491,Dragonite,Dragon,Flying,Brown,Inner Focus,Inner Focus,Multiscale,1,0,0,2.2,210.0,91,134,95,100,100,80,600
374,3741,Beldum,Steel,Psychic,Blue,Clear Body,Clear Body,Light Metal,3,0,0,0.6,95.2,40,55,80,35,60,30,300
537,5371,Seismitoad,Water,Ground,Blue,Swift Swim,Poison Touch,Water Absorb,5,0,0,1.5,62.0,105,95,75,85,75,74,509
722,7221,Rowlet,Grass,Flying,Brown,Overgrow,Overgrow,Long Reach,7,0,0,0.3,1.5,68,55,55,50,50,42,320
385,3851,Jirachi,Steel,Psychic,Yellow,Serene Grace,Serene Grace,Serene Grace,3,1,0,0.3,1.1,100,100,100,100,100,100,600
74,741,Geodude,Rock,Ground,Brown,Rock Head,Sturdy,Sand Veil,1,0,0,0.4,20.0,40,80,100,30,30,20,300
349,3491,Feebas,Water,Water,Brown,Swift Swim,Oblivious,Adaptability,3,0,0,0.6,7.4,20,15,20,10,55,80,200
553,5531,Krookodile,Ground,Dark,Red,Intimidate,Moxie,Anger Point,5,0,0,1.5,96.3,95,117,80,65,70,92,519
598,5981,Ferrothorn,Grass,Steel,Grey,Iron Barbs,Iron Barbs,Anticipation,5,0,0,1.0,110.0,74,94,131,54,116,20,489
480,4801,Uxie,Psychic,Psychic,Yellow,Levitate,Levitate,Levitate,4,1,0,0.3,0.3,75,75,130,75,130,95,580
898,8983,Calyrex,Psychic,Ghost,Black,As One,As One,As One,8,1,0,2.4,53.6,100,85,80,165,100,150,680
421,4212,Cherrim,Grass,Grass,Purple,Flower Gift,Flower Gift,Flower Gift,4,0,0,0.5,9.3,70,60,70,87,78,85,450
583,5831,Vanillish,Ice,Ice,White,Ice Body,Snow Cloak,Weak Armor,5,0,0,1.1,41.0,51,65,65,80,75,59,395
398,3981,Staraptor,Normal,Flying,Brown,Intimidate,Intimidate,Reckless,4,0,0,1.2,24.9,85,120,70,50,60,100,485
836,8361,Boltund,Electric,Electric,Yellow,Strong Jaw,Strong Jaw,Competitive,8,0,0,1.0,34.0,69,90,60,90,60,121,490
469,4691,Yanmega,Bug,Flying,Green,Speed Boost,Tinted Lens,Frisk,4,0,0,1.9,51.5,86,76,86,116,56,95,515
694,6941,Helioptile,Electric,Normal,Yellow,Dry Skin,Sand Veil,Solar Power,6,0,0,0.5,6.0,44,38,33,61,43,70,289
556,5561,Maractus,Grass,Grass,Green,Water Absorb,Chlorophyll,Storm Drain,5,0,0,1.0,28.0,75,86,67,106,67,60,461
100,1001,Voltorb,Electric,Electric,Red,Soundproof,Static,Aftermath,1,0,0,0.5,10.4,40,30,50,55,55,100,330
844,8441,Sandaconda,Ground,Ground,Green,Sand Spit,Shed Skin,Sand Veil,8,0,0,3.8,65.5,72,107,125,65,70,71,510
474,4741,Porygon-Z,Normal,Normal,Red,Adaptability,Download,Analytic,4,0,0,0.9,34.0,85,80,70,135,75,90,535
513,5131,Pansear,Fire,Fire,Red,Gluttony,Gluttony,Blaze,5,0,0,0.6,11.0,50,53,48,53,48,64,316
157,1571,Typhlosion,Fire,Fire,Yellow,Blaze,Blaze,Flash Fire,2,0,0,1.7,79.5,78,84,78,109,85,100,534
175,1751,Togepi,Fairy,Fairy,White,Hustle,Serene Grace,Super Luck,2,0,0,0.3,1.5,35,20,65,40,65,20,245
640,6401,Virizion,Grass,Fighting,Green,Justified,Justified,Justified,5,1,0,2.0,200.0,91,90,72,90,129,108,580
769,7691,Sandygast,Ghost,Ground,Brown,Water Compaction,Water Compaction,Sand Veil,7,0,0,0.5,70.0,55,55,80,70,45,15,320
14,141,Kakuna,Bug,Poison,Yellow,Shed Skin,Shed Skin,Shed Skin,1,0,0,0.6,10.0,45,25,50,25,25,35,205
825,8251,Dottler,Bug,Psychic,Yellow,Swarm,Compound Eyes,Telepathy,8,0,0,0.4,19.5,50,35,80,50,90,30,335
404,4041,Luxio,Electric,Electric,Blue,Rivalry,Intimidate,Guts,4,0,0,0.9,30.5,60,85,49,60,49,60,363
481,4811,Mesprit,Psychic,Psychic,Pink,Levitate,Levitate,Levitate,4,1,0,0.3,0.3,80,105,105,105,105,80,580
394,3941,Prinplup,Water,Water,Blue,Torrent,Torrent,Defiant,4,0,0,0.8,23.0,64,66,68,81,76,50,405
373,3731,Salamence,Dragon,Flying,Blue,Intimidate,Intimidate,Moxie,3,0,0,1.5,102.6,95,135,80,110,80,100,600
751,7511,Dewpider,Water,Bug,Green,Water Bubble,Water Bubble,Water Absorb,7,0,0,0.3,4.0,38,40,52,40,72,27,269
578,5781,Duosion,Psychic,Psychic,Green,Overcoat,Magic Guard,Regenerator,5,0,0,0.6,8.0,65,40,50,125,60,30,370
646,6461,Kyurem,Dragon,Ice,Grey,Pressure,Pressure,Pressure,5,1,0,3.0,325.0,125,130,90,130,90,95,660
214,2141,Heracross,Bug,Fighting,Blue,Swarm,Guts,Moxie,2,0,0,1.5,54.0,80,125,75,40,95,85,500
647,6472,Keldeo,Water,Fighting,Yellow,Justified,Justified,Justified,5,1,0,1.4,48.5,91,72,90,129,90,108,580
362,3621,Glalie,Ice,Ice,Grey,Inner Focus,Ice Body,Moody,3,0,0,1.5,256.5,80,80,80,80,80,80,480
663,6631,Talonflame,Fire,Flying,Red,Flame Body,Flame Body,Gale Wings,6,0,0,1.2,24.5,78,81,71,74,69,126,499
104,1041,Cubone,Ground,Ground,Brown,Rock Head,Lightning Rod,Battle Armor,1,0,0,0.4,6.5,50,50,95,40,50,35,320
416,4161,Vespiquen,Bug,Flying,Yellow,Pressure,Pressure,Unnerve,4,0,0,1.2,38.5,70,80,102,80,102,40,474
538,5381,Throh,Fighting,Fighting,Red,Guts,Inner Focus,Mold Breaker,5,0,0,1.3,55.5,120,100,85,30,85,45,465
412,4122,Burmy,Bug,Bug,Brown,Shed Skin,Shed Skin,Overcoat,4,0,0,0.2,3.4,40,29,45,29,45,36,224
562,5622,Yamask,Ghost,Ground,Black,Wandering Spilit,Wandering Spilit,Wandering Spilit,8,0,0,0.5,1.5,38,55,85,30,65,30,303
386,3861,Deoxys,Psychic,Psychic,Red,Pressure,Pressure,Pressure,3,1,0,1.7,60.8,50,150,50,150,50,150,600
59,591,Arcanine,Fire,Fire,Brown,Intimidate,Flash Fire,Justified,1,0,0,1.9,155.0,90,110,80,100,80,95,555
464,4641,Rhyperior,Ground,Rock,Grey,Lightning Rod,Solid Rock,Reckless,4,0,0,2.4,282.8,115,140,130,55,55,40,535
806,8061,Blacephalon,Fire,Ghost,White,Beast Boost,Beast Boost,Beast Boost,7,1,0,1.8,13.0,53,127,53,151,79,107,570
813,8131,Scorbunny,Fire,Fire,White,Blaze,Blaze,Libero,8,0,0,0.3,4.5,50,71,40,40,40,69,310
51,512,Dugtrio,Ground,Steel,Brown,Sand Veil,Tangling Hair,Sand Force,7,0,0,0.7,66.6,35,100,60,50,70,110,425
854,8541,Sinistea,Ghost,Ghost,Purple,Weak Armor,Weak Armor,Cursed Body,8,0,0,0.1,0.2,40,45,45,74,54,50,308
166,1661,Ledian,Bug,Flying,Red,Swarm,Early Bird,Iron Fist,2,0,0,1.4,35.6,55,35,50,55,110,85,390
6,63,Mega Charizard Y,Fire,Flying,Red,Drought,Drought,Drought,1,0,1,1.7,90.5,78,104,78,159,115,100,634
60,601,Poliwag,Water,Water,Blue,Water Absorb,Damp,Swift Swim,1,0,0,0.6,12.4,40,50,40,40,40,90,300
796,7961,Xurkitree,Electric,Electric,Black,Beast Boost,Beast Boost,Beast Boost,7,1,0,3.8,100.0,83,89,71,173,71,83,570
46,461,Paras,Bug,Grass,Red,Effect Spore,Dry Skin,Damp,1,0,0,0.3,5.4,35,70,55,45,55,25,285
647,6471,Keldeo,Water,Fighting,Yellow,Justified,Justified,Justified,5,1,0,1.4,48.5,91,72,90,129,90,108,580
774,7742,Minior,Rock,Flying,Brown,Shields Down,Shields Down,Shields Down,7,0,0,0.3,0.3,60,100,60,100,60,120,500
395,3951,Empoleon,Water,Steel,Blue,Torrent,Torrent,Defiant,4,0,0,1.7,84.5,84,86,88,111,101,60,530
359,3591,Absol,Dark,Dark,White,Pressure,Super Luck,Justified,3,0,0,1.2,47.0,65,130,60,75,60,75,465
319,3191,Sharpedo,Water,Dark,Blue,Rough Skin,Rough Skin,Speed Boost,3,0,0,1.8,88.8,70,120,40,95,40,95,460
403,4031,Shinx,Electric,Electric,Blue,Rivalry,Intimidate,Guts,4,0,0,0.5,9.5,45,65,34,40,34,45,263
415,4151,Combee,Bug,Flying,Yellow,Honey Gather,Honey Gather,Hustle,4,0,0,0.3,5.5,30,30,42,30,42,70,244
534,5341,Conkeldurr,Fighting,Fighting,Brown,Guts,Sheer Force,Iron Fist,5,0,0,1.4,87.0,105,140,95,55,65,45,505
888,8881,Zacian,Fairy,Fairy,Blue,Intrepid Sword,Intrepid Sword,Intrepid Sword,8,1,0,2.8,110.0,92,130,115,80,115,138,670
267,2671,Beautifly,Bug,Flying,Yellow,Swarm,Swarm,Rivalry,3,0,0,1.0,28.4,60,70,50,100,50,65,395
308,3081,Medicham,Fighting,Psychic,Red,Pure Power,Pure Power,Telepathy,3,0,0,1.3,31.5,60,60,75,60,75,80,410
351,3511,Castform,Normal,Normal,Grey,Forecast,Forecast,Forecast,3,0,0,0.3,0.8,70,70,70,70,70,70,420
109,1091,Koffing,Poison,Poison,Purple,Levitate,Neutralizing Gas,Stench,1,0,0,0.6,1.0,40,65,95,60,45,35,340
70,701,Weepinbell,Grass,Poison,Green,Chlorophyll,Chlorophyll,Gluttony,1,0,0,1.0,6.4,65,90,50,85,45,55,390
550,5501,Basculin,Water,Water,Green,Reckless,Adaptability,Mold Breaker,5,0,0,1.0,18.0,70,92,65,80,55,98,460
699,6991,Aurorus,Rock,Ice,Blue,Refrigerate,Refrigerate,Snow Warning,6,0,0,2.7,225.0,123,77,72,99,92,58,521
692,6921,Clauncher,Water,Water,Blue,Mega Launcher,Mega Launcher,Mega Launcher,6,0,0,0.5,8.3,50,53,62,58,63,44,330
271,2711,Lombre,Water,Grass,Green,Swift Swim,Rain Dish,Own Tempo,3,0,0,1.2,32.5,60,50,50,60,70,50,340
649,6491,Genesect,Bug,Steel,Purple,Download,Download,Download,5,1,0,1.5,82.5,71,120,95,120,95,99,600
747,7471,Mareanie,Poison,Water,Blue,Merciness,Limber,Regenerator,7,0,0,0.4,8.0,50,53,62,43,52,45,305
269,2691,Dustox,Bug,Poison,Green,Shield Dust,Shield Dust,Compound Eyes,3,0,0,1.2,31.6,60,50,70,50,90,65,385
48,481,Venonat,Bug,Poison,Purple,Compound Eyes,Tinted Lens,Run Away,1,0,0,1.0,30.0,60,55,50,40,55,45,305
409,4091,Rampardos,Rock,Rock,Blue,Mold Breaker,Mold Breaker,Sheer Force,4,0,0,1.6,102.5,97,165,60,65,50,58,495
731,7311,Pikipek,Normal,Flying,Black,Keen Eye,Skill Link,Pickup,7,0,0,0.3,1.2,35,75,30,30,30,65,265
766,7661,Passimian,Fighting,Fighting,White,Reciever,Reciever,Defiant,7,0,0,2.0,82.8,100,120,90,40,60,80,490
711,7113,Gourgeist,Ghost,Grass,Brown,Pickup,Frisk,Insomnia,6,0,0,1.1,14.0,75,95,122,58,75,69,494
325,3251,Spoink,Psychic,Psychic,Black,Thick Fat,Own Tempo,Gluttony,3,0,0,0.7,30.6,60,25,35,70,80,60,330
354,3542,Mega Banette,Ghost,Ghost,Black,Prankster,Prankster,Prankster,3,0,1,1.2,13.0,64,165,75,93,83,75,555
651,6511,Quilladin,Grass,Grass,Green,Overgrow,Overgrow,Bulletproof,6,0,0,0.7,29.0,61,78,95,56,58,57,405
366,3661,Clamperl,Water,Water,Blue,Shell Armor,Shell Armor,Rattled,3,0,0,0.4,52.5,35,64,85,74,55,32,345
254,2541,Sceptile,Grass,Grass,Green,Overgrow,Overgrow,Unburden,3,0,0,1.7,52.2,70,85,65,105,85,120,530
348,3481,Armaldo,Rock,Bug,Grey,Battle Armor,Battle Armor,Swift Swim,3,0,0,1.5,68.2,75,125,100,70,80,45,495
249,2491,Lugia,Psychic,Flying,White,Pressure,Pressure,Multiscale,2,1,0,5.2,216.0,106,90,130,90,154,110,680
264,2641,Linoone,Normal,Normal,White,Pickup,Gluttony,Quick Feet,3,0,0,0.5,32.5,78,70,61,50,61,100,420
866,8661,Mr. Rime,Ice,Psychic,Purple,Tangled Feet,Screen Cleaner,Ice Body,8,0,0,1.5,58.2,80,85,75,110,100,70,520
36,361,Clefable,Fairy,Fairy,Pink,Cute Charm,Magic Guard,Friend Guard,1,0,0,1.3,40.0,95,70,73,95,90,60,483
68,681,Machamp,Fighting,Fighting,Grey,Guts,No Guard,Steadfast,1,0,0,1.6,130.0,90,130,80,65,85,55,505
83,831,Farfetch'd,Normal,Flying,Brown,Keen Eye,Inner Focus,Defiant,1,0,0,0.8,15.0,52,90,55,58,62,60,377
305,3051,Lairon,Steel,Rock,Grey,Sturdy,Rock Head,Heavy Metal,3,0,0,0.9,120.0,60,90,140,50,50,40,430
548,5481,Petilil,Grass,Grass,Green,Chlorophyll,Own Tempo,Leaf Guard,5,0,0,0.5,6.6,45,35,50,70,50,30,280
13,131,Weedle,Bug,Poison,Brown,Shield Dust,Shield Dust,Run Away,1,0,0,0.3,3.2,40,35,30,20,20,50,195
413,4132,Wormadam,Bug,Ground,Brown,Anticipation,Anticipation,Overcoat,4,0,0,0.5,6.5,60,79,105,59,85,36,424
695,6951,Heliolisk,Electric,Normal,Yellow,Dry Skin,Sand Veil,Solar Power,6,0,0,1.0,21.0,62,55,52,109,94,109,481
153,1531,Bayleef,Grass,Grass,Green,Overgrow,Overgrow,Leaf guard,2,0,0,1.2,15.8,60,62,80,63,80,60,405
884,8841,Duraludon,Steel,Dragon,White,Light Metal,Heavy Metal,Stalwart,8,0,0,1.8,40.0,70,95,115,120,50,85,535
531,5312,Mega Audino,Normal,Fairy,White,Healer,Healer,Healer,5,0,1,1.5,32.0,103,60,126,80,126,50,545
737,7371,Charjabug,Bug,Electric,Green,Battery,Battery,Battery,7,0,0,0.5,10.5,57,82,95,55,75,36,400
716,7161,Xerneas,Fairy,Fairy,Blue,Fairy Aura,Fairy Aura,Fairy Aura,6,1,0,3.0,215.0,126,131,95,131,98,99,680
744,7442,Rockruff,Rock,Rock,Brown,Own Tempo,Own Tempo,Own Tempo,7,0,0,0.5,9.2,45,65,40,30,40,60,280
340,3401,Whiscash,Water,Ground,Blue,Oblivious,Anticipation,Hydration,3,0,0,0.9,23.6,110,78,73,76,71,60,468
686,6861,Inkay,Dark,Psychic,Blue,Contrary,Suction Cups,Infiltrator,6,0,0,0.4,3.5,53,54,53,37,46,45,288
452,4521,Drapion,Poison,Dark,Purple,Battle Armor,Sniper,Keen Eye,4,0,0,1.3,61.5,70,90,110,60,75,95,500
371,3711,Bagon,Dragon,Dragon,Blue,Rock Head,Rock Head,Sheer Force,3,0,0,0.6,42.1,45,75,60,40,30,50,300
108,1081,Lickitung,Normal,Normal,Pink,Own Tempo,Oblivious,Cloud Nine,1,0,0,1.2,65.5,90,55,75,60,75,30,385
158,1581,Totodile,Water,Water,Blue,Torrent,Torrent,Sheer Force,2,0,0,0.6,9.5,50,65,64,44,48,43,314
752,7521,Araquanid,Water,Bug,Green,Water Bubble,Water Bubble,Water Absorb,7,0,0,1.8,82.0,68,70,92,50,132,42,454
390,3901,Chimchar,Fire,Fire,Brown,Blaze,Blaze,Iron Fist,4,0,0,0.5,6.2,44,58,44,58,44,61,309
11,111,Metapod,Bug,Bug,Green,Shed Skin,Shed Skin,Shed Skin,1,0,0,0.7,9.9,50,20,55,25,25,30,205
69,691,Bellsprout,Grass,Poison,Green,Chlorophyll,Chlorophyll,Gluttony,1,0,0,0.7,4.0,50,75,35,70,30,40,300
221,2211,Piloswine,Ice,Ground,Brown,Oblivious,Snow Cloak,Thick Fat,2,0,0,1.1,55.8,100,100,80,60,60,50,450
218,2181,Slugma,Fire,Fire,Red,Magma Armor,Flame Body,Weak Armor,2,0,0,0.7,35.0,40,40,40,70,40,20,250
181,1812,Mega Ampharos,Electric,Dragon,Yellow,Mold Breaker,Mold Breaker,Mold Breaker,2,0,1,1.4,61.5,90,95,105,165,110,45,610
643,6431,Reshiram,Dragon,Fire,White,Turboblaze,Turboblaze,Turboblaze,5,1,0,3.2,330.0,100,120,100,150,120,90,680
215,2151,Sneasel,Dark,Ice,Black,Inner Focus,Keen Eye,Pickpocket,2,0,0,0.9,28.0,55,95,55,35,75,115,430
770,7701,Palossand,Ghost,Ground,Brown,Water Compaction,Water Compaction,Sand Veil,7,0,0,1.3,250.0,85,75,110,100,75,35,480
3,32,Mega Venusaur,Grass,Poison,Green,Thick Fat,Thick Fat,Thick Fat,1,0,1,2.4,155.5,80,100,123,122,120,80,625
301,3011,Delcatty,Normal,Normal,Purple,Cute Charm,Normalize,Wonder Skin,3,0,0,1.1,32.6,70,65,65,55,55,90,400
412,4121,Burmy,Bug,Bug,Green,Shed Skin,Shed Skin,Overcoat,4,0,0,0.2,3.4,40,29,45,29,45,36,224
519,5191,Pidove,Normal,Flying,Grey,Big Pecks,Super Luck,Rivalry,5,0,0,0.3,2.1,50,55,50,36,30,43,264
396,3961,Starly,Normal,Flying,Brown,Keen Eye,Keen Eye,Reckless,4,0,0,0.3,2.0,40,55,30,30,30,60,245
559,5591,Scraggy,Dark,Fighting,Yellow,Shed Skin,Moxie,Intimidate,5,0,0,0.6,11.8,50,75,70,35,70,48,348
107,1071,Hitmonchan,Fighting,Fighting,Brown,Keen Eye,Iron Fist,Inner Focus,1,0,0,1.4,50.2,50,105,79,35,110,76,455
52,522,Meowth,Dark,Dark,Blue,Pickup,Technician,Rattled,7,0,0,0.4,4.2,40,35,35,50,40,90,290
430,4301,Honchkrow,Dark,Flying,Black,Insomnia,Super Luck,Moxie,4,0,0,0.9,27.3,100,125,52,105,52,71,505
289,2891,Slaking,Normal,Normal,Brown,Truant,Truant,Truant,3,0,0,2.0,130.5,150,160,100,95,65,100,670
804,8041,Naganadel,Poison,Dragon,Purple,Beast Boost,Beast Boost,Beast Boost,7,1,0,3.6,150.0,73,73,73,127,73,121,540
44,441,Gloom,Grass,Poison,Blue,Chlorophyll,Chlorophyll,Stench,1,0,0,0.8,8.6,60,65,70,85,75,40,395
256,2561,Combusken,Fire,Fighting,Red,Blaze,Blaze,Speed Boost,3,0,0,0.9,19.5,60,85,60,85,60,55,405
635,6351,Hydreigon,Dark,Dragon,Blue,Levitate,Levitate,Levitate,5,0,0,1.8,160.0,92,105,90,125,90,98,600
748,7481,Toxapex,Poison,Water,Blue,Merciness,Limber,Regenerator,7,0,0,0.7,14.5,50,63,152,53,142,35,495
800,8003,Necrozma,Psychic,Ghost,Blue,Prism Armor,Prism Armor,Prism Armor,7,1,0,4.2,350.0,97,113,109,157,127,77,680
39,391,Jigglypuff,Normal,Fairy,Pink,Cute Charm,Competitive,Friend Guard,1,0,0,0.5,5.5,115,45,20,45,25,20,270
428,4282,Mega Lopunny,Normal,Fighting,Brown,Scrappy,Scrappy,Scrappy,4,0,1,1.3,28.3,65,136,94,54,96,135,580
388,3881,Grotle,Grass,Grass,Green,Overgrow,Overgrow,Shell Armor,4,0,0,1.1,97.0,75,89,85,55,65,36,405
445,4451,Garchomp,Dragon,Ground,Blue,Sand Veil,Sand Veil,Rough Skin,4,0,0,1.9,95.0,108,130,95,80,85,102,600
662,6621,Fletchinder,Fire,Flying,Red,Flame Body,Flame Body,Gale Wings,6,0,0,0.7,16.0,62,73,55,56,52,84,382
257,2571,Blaziken,Fire,Fighting,Red,Blaze,Blaze,Speed Boost,3,0,0,1.9,52.0,80,120,70,110,70,80,530
704,7041,Goomy,Dragon,Dragon,Purple,Sap Sipper,Hydration,Gooey,6,0,0,0.3,2.8,45,50,35,55,75,40,300
839,8391,Coalossal,Rock,Fire,Black,Steam Engine,Flame Body,Flash Fire,8,0,0,2.8,310.5,110,80,120,80,90,30,510
367,3671,Huntail,Water,Water,Blue,Swift Swim,Swift Swim,Water Veil,3,0,0,1.7,27.0,55,104,105,94,75,52,485
450,4501,Hippowdon,Ground,Ground,Brown,Sand Stream,Sand Stream,Sand Force,4,0,0,2.0,300.0,108,112,118,68,72,47,525
586,5864,Sawsbuck,Normal,Grass,Brown,Chlorophyll,Sap Sipper,Serene Grace,5,0,0,1.9,92.5,80,100,70,60,70,95,475
303,3031,Mawile,Steel,Fairy,Black,Hyper Cutter,Intimidate,Sheer Force,3,0,0,0.6,11.5,50,85,85,55,55,50,380
148,1481,Dragonair,Dragon,Dragon,Blue,Shed Skin,Shed Skin,Marvel Scale,1,0,0,4.0,16.5,61,84,65,70,70,70,420
467,4671,Magmortar,Fire,Fire,Red,Flame Body,Flame Body,Vital Spilit,4,0,0,1.6,68.0,75,95,67,125,95,83,540
99,991,Kingler,Water,Water,Red,Hyper Cutter,Shell Armor,Sheer Force,1,0,0,1.3,60.0,55,130,115,50,50,75,475
826,8261,Orbeetle,Bug,Psychic,Red,Swarm,Frisk,Telepathy,8,0,0,0.4,40.8,60,45,110,80,120,90,505
809,8091,Melmetal,Steel,Steel,Grey,Iron Fist,Iron Fist,Iron Fist,7,1,0,2.5,800.0,135,143,143,80,65,34,600
830,8301,Eldegoss,Grass,Grass,Green,Cotton Down,Regenerator,Effect Spore,8,0,0,0.5,2.5,60,50,90,80,120,60,460
304,3041,Aron,Steel,Rock,Grey,Sturdy,Rock Head,Heavy Metal,3,0,0,0.4,60.0,50,70,100,40,40,30,330
203,2031,Girafarig,Normal,Psychic,Yellow,Inner Focus,Early Bird,Sap Sipper,2,0,0,1.5,41.5,70,80,65,90,65,85,455
212,2122,Mega Scizor,Bug,Steel,Red,Technician,Technician,Technician,2,0,1,2.0,125.0,70,150,140,65,100,75,600
664,6641,Scatterbug,Bug,Bug,Black,Shield Dust,Compound Eyes,Friend Guard,6,0,0,0.3,2.5,38,35,40,27,25,35,200
330,3301,Flygon,Ground,Dragon,Green,Levitate,Levitate,Levitate,3,0,0,2.0,82.0,80,100,80,80,80,100,520
611,6111,Fraxure,Dragon,Dragon,Green,Rivalry,Mold Breaker,Unnerve,5,0,0,1.0,36.0,66,117,70,40,50,67,410
120,1201,Staryu,Water,Water,Brown,Illuminate,Natural Cure,Analytic,1,0,0,0.8,34.5,30,45,55,70,55,85,340
313,3131,Volbeat,Bug,Bug,Grey,Illuminate,Swarm,Prankster,3,0,0,0.7,17.7,65,73,75,47,85,85,430
308,3082,Mega Medicham,Fighting,Psychic,Red,Pure Power,Pure Power,Pure Power,3,0,1,1.3,31.5,60,100,85,80,85,100,510
487,4872,Giratina,Ghost,Dragon,Black,Levitate,Levitate,Levitate,4,1,0,6.9,650.0,150,120,100,120,100,90,680
142,1422,Mega Aerodactyl,Rock,Flying,Purple,Tough Claws,Tough Claws,Tough Claws,1,0,1,2.1,79.0,80,135,85,70,95,150,615
123,1231,Scyther,Bug,Flying,Green,Swarm,Technician,Steadfast,1,0,0,1.5,56.0,70,110,80,55,80,105,500
862,8621,Obstagoon,Dark,Normal,Grey,Reckless,Guts,Defiant,8,0,0,1.6,46.0,93,90,101,60,81,95,520
648,6482,Meloetta,Normal,Fighting,White,Serene Grace,Serene Grace,Serene Grace,5,1,0,0.6,6.5,100,128,90,77,77,128,600
350,3501,Milotic,Water,Water,Pink,Marvel Scale,Competitive,Cute Charm,3,0,0,6.2,162.0,95,60,79,100,125,81,540
861,8611,Grimmsnarl,Dark,Fairy,Purple,Prankster,Frisk,Pickpocket,8,0,0,1.5,61.0,95,120,65,95,75,60,510
226,2261,Mantine,Water,Flying,Purple,Swift Swim,Water Absorb,Water Veil,2,0,0,2.1,220.0,85,40,70,80,140,70,485
407,4071,Roserade,Grass,Poison,Green,Natural Cure,Poison Point,Technician,4,0,0,0.9,14.5,60,70,65,125,105,90,515
113,1131,Chansey,Normal,Normal,Pink,Natural Cure,Serene Grace,Healer,1,0,0,1.1,34.6,250,5,5,35,105,50,450
608,6081,Lampent,Ghost,Fire,Black,Flash Fire,Flame Body,Infiltrator,5,0,0,0.6,13.0,60,40,60,95,60,55,370
672,6721,Skiddo,Grass,Grass,Brown,Sap Sipper,Sap Sipper,Grass Pelt,6,0,0,0.9,31.0,66,65,48,62,57,52,350
334,3341,Altaria,Dragon,Flying,Blue,Natural Cure,Natural Cure,Cloud Nine,3,0,0,1.1,20.6,75,70,90,70,105,80,490
706,7061,Goodra,Dragon,Dragon,Purple,Sap Sipper,Hydration,Gooey,6,0,0,2.0,150.5,90,100,70,110,150,80,600
354,3541,Banette,Ghost,Ghost,Black,Insomnia,Frisk,Cursed Body,3,0,0,1.1,12.5,64,115,65,83,63,65,455
717,7171,Yveltal,Dark,Flying,Red,Dark Aura,Dark Aura,Dark Aura,6,1,0,5.8,203.0,126,131,95,131,98,99,680
482,4821,Azelf,Psychic,Psychic,Blue,Levitate,Levitate,Levitate,4,1,0,0.3,0.3,75,125,70,125,70,115,580
711,7114,Gourgeist,Ghost,Grass,Brown,Pickup,Frisk,Insomnia,6,0,0,1.7,39.0,85,100,122,58,75,54,494
898,8982,Calyrex,Psychic,Ice,White,As One,As One,As One,8,1,0,2.4,809.1,100,165,150,85,130,50,680
762,7621,Steenee,Grass,Grass,Purple,Leaf Guard,Oblivious,Sweet Veil,7,0,0,0.7,8.2,52,40,48,40,48,62,290
577,5771,Solosis,Psychic,Psychic,Green,Overcoat,Magic Guard,Regenerator,5,0,0,0.3,1.0,45,30,40,105,50,20,290
492,4922,Shaymin,Grass,Flying,Green,Serene Grace,Serene Grace,Serene Grace,4,1,0,0.4,5.2,100,103,75,120,75,127,600
851,8511,Centiskorch,Fire,Bug,Red,Flash Fire,White Smoke,Flame Body,8,0,0,3.0,120.0,100,115,65,90,90,65,525
244,2441,Entei,Fire,Fire,Brown,Pressure,Pressure,Inner Focus,2,1,0,2.1,198.0,115,115,85,90,75,100,580
732,7321,Trumbeak,Normal,Flying,Black,Keen Eye,Skill Link,Pickup,7,0,0,0.6,14.8,55,85,50,40,50,75,355
173,1731,Cleffa,Fairy,Fairy,Pink,Cute Charm,Magic Guard,Friend Guard,2,0,0,0.3,3.0,50,25,28,45,55,15,218
321,3211,Wailord,Water,Water,Blue,Water Veil,Oblivious,Pressure,3,0,0,14.5,398.0,170,90,45,90,45,60,500
77,772,Ponyta,Psychic,Psychic,White,Run Away,Pastel Veil,Anticipation,8,0,0,0.8,24.0,50,85,55,65,65,90,410
422,4221,Shellos,Water,Water,Purple,Sticky Hold,Storm Drain,Sand Force,4,0,0,0.3,6.3,76,48,48,57,62,34,325
500,5001,Emboar,Fire,Fighting,Red,Blaze,Blaze,Reckless,5,0,0,1.6,150.0,110,123,65,100,65,65,528
29,291,Nidoran F,Poison,Poison,Blue,Poison Point,Rivalry,Hustle,1,0,0,0.4,7.0,55,47,52,40,40,41,275
287,2871,Slakoth,Normal,Normal,Brown,Truant,Truant,Truant,3,0,0,0.8,24.0,60,60,60,35,35,30,280
3,31,Venusaur,Grass,Poison,Green,Overgrow,Overgrow,Chrolophyll,1,0,0,2.0,100.0,80,82,83,100,100,80,525
381,3811,Latios,Dragon,Psychic,Blue,Levitate,Levitate,Levitate,3,1,0,2.0,60.0,80,90,80,130,110,110,600
512,5121,Simisage,Grass,Grass,Green,Gluttony,Gluttony,Overgrow,5,0,0,1.1,30.5,75,98,63,98,63,101,498
355,3551,Duskull,Ghost,Ghost,Black,Levitate,Levitate,Frisk,3,0,0,0.8,15.0,20,40,90,30,90,25,295
718,7183,Zygarde,Dragon,Ground,Black,Power Construct,Power Construct,Power Construct,6,1,0,4.5,610.0,216,100,121,91,95,85,708
84,841,Doduo,Normal,Flying,Brown,Run Away,Early Bird,Tangled Feet,1,0,0,1.4,39.2,35,85,45,35,35,75,310
183,1831,Marill,Water,Fairy,Blue,Thick Fat,Huge Power,Sap Sipper,2,0,0,0.4,8.5,70,20,50,20,50,40,250
801,8011,Magearna,Steel,Fairy,Grey,Soul-Heart,Soul-Heart,Soul-Heart,7,1,0,1.0,80.5,80,95,115,130,115,65,600
56,561,Mankey,Fighting,Fighting,Brown,Vital Spilit,Anger Point,Defiant,1,0,0,0.5,28.0,40,80,35,35,45,70,305
37,371,Vulpix,Fire,Fire,Brown,Flash Fire,Flash Fire,Drought,1,0,0,0.6,9.9,38,41,40,50,65,65,299
541,5411,Swadloon,Bug,Grass,Green,Leaf guard,Chlorophyll,Overcoat,5,0,0,0.5,7.3,55,63,90,50,80,42,380
86,861,Seel,Water,Water,White,Thick Fat,Hydration,Ice Body,1,0,0,1.1,90.0,65,45,55,45,70,45,325
76,761,Golem,Rock,Ground,Brown,Rock Head,Sturdy,Sand Veil,1,0,0,1.4,300.0,80,120,130,55,65,45,495
80,803,Mega Slowbro,Water,Psychic,Pink,Shell Armor,Shell Armor,Shell Armor,1,0,1,2.0,120.0,95,75,180,130,80,30,590
894,8941,Regieleki,Electric,Electric,Yellow,Transistor,Transistor,Transistor,8,1,0,1.2,145.0,80,100,50,100,50,200,580
